admin_dong_code,gu_code,stat_dong_code,stat_gu_code,gu,admin_dong,latitude,longitude,snapshot_ref
1111051500,11110,1101072,11010,종로구,청운효자동,37.5841367,126.9706519,kma_admin_dong_grid_20260325
1111053000,11110,1101053,11010,종로구,사직동,37.5732694444444,126.970955555555,kma_admin_dong_grid_20260325
1111054000,11110,1101054,11010,종로구,삼청동,37.582425,126.983977777777,kma_admin_dong_grid_20260325
1111055000,11110,1101055,11010,종로구,부암동,37.5898555555555,126.966444444444,kma_admin_dong_grid_20260325
1111056000,11110,1101056,11010,종로구,평창동,37.6025222222222,126.968877777777,kma_admin_dong_grid_20260325
1111057000,11110,1101057,11010,종로구,무악동,37.5715388888888,126.961208333333,kma_admin_dong_grid_20260325
1111058000,11110,1101058,11010,종로구,교남동,37.569075,126.9641,kma_admin_dong_grid_20260325
1111060000,11110,1101060,11010,종로구,가회동,37.5772527777777,126.986911111111,kma_admin_dong_grid_20260325
1111061500,11110,1101061,11010,종로구,종로1.2.3.4가동,37.5678861111111,126.991066666666,kma_admin_dong_grid_20260325
1111063000,11110,1101063,11010,종로구,종로5.6가동,37.5692111111111,127.007155555555,kma_admin_dong_grid_20260325
1111064000,11110,1101064,11010,종로구,이화동,37.5742138888888,127.006397222222,kma_admin_dong_grid_20260325
1111065000,11110,1101073,11010,종로구,혜화동,37.5839888888888,127.002622222222,kma_admin_dong_grid_20260325
1111067000,11110,1101067,11010,종로구,창신제1동,37.5679361111111,127.018463888888,kma_admin_dong_grid_20260325
1111068000,11110,1101068,11010,종로구,창신제2동,37.5716444444444,127.012963888888,kma_admin_dong_grid_20260325
1111069000,11110,1101069,11010,종로구,창신제3동,37.5750472222222,127.017163888888,kma_admin_dong_grid_20260325
1111070000,11110,1101070,11010,종로구,숭인제1동,37.5750277777777,127.017663888888,kma_admin_dong_grid_20260325
1111071000,11110,1101071,11010,종로구,숭인제2동,37.5720361111111,127.022055555555,kma_admin_dong_grid_20260325
1114052000,11140,1102052,11020,중구,소공동,37.5596305555555,126.979108333333,kma_admin_dong_grid_20260325
1114054000,11140,1102054,11020,중구,회현동,37.5544833333333,126.981444444444,kma_admin_dong_grid_20260325
1114055000,11140,1102055,11020,중구,명동,37.5572361111111,126.987888888888,kma_admin_dong_grid_20260325
1114057000,11140,1102057,11020,중구,필동,37.5573527777777,126.997711111111,kma_admin_dong_grid_20260325
1114058000,11140,1102058,11020,중구,장충동,37.5591166666666,127.009933333333,kma_admin_dong_grid_20260325
1114059000,11140,1102059,11020,중구,광희동,37.5617305555555,127.007163888888,kma_admin_dong_grid_20260325
1114060500,11140,1102060,11020,중구,을지로동,37.5639,126.993430555555,kma_admin_dong_grid_20260325
1114061500,11140,1102069,11020,중구,신당동,37.5593111111111,127.016633333333,kma_admin_dong_grid_20260325
1114062500,11140,1102070,11020,중구,다산동,37.5516166666666,127.010308333333,kma_admin_dong_grid_20260325
1114063500,11140,1102071,11020,중구,약수동,37.5496583333333,127.011086111111,kma_admin_dong_grid_20260325
1114064500,11140,1102072,11020,중구,청구동,37.5542583333333,127.016788888888,kma_admin_dong_grid_20260325
1114065000,11140,1102065,11020,중구,신당제5동,37.5623305555555,127.023966666666,kma_admin_dong_grid_20260325
1114066500,11140,1102073,11020,중구,동화동,37.5572277777777,127.021541666666,kma_admin_dong_grid_20260325
1114067000,11140,1102067,11020,중구,황학동,37.5646638888888,127.023497222222,kma_admin_dong_grid_20260325
1114068000,11140,1102068,11020,중구,중림동,37.5520333333333,126.9666,kma_admin_dong_grid_20260325
1117051000,11170,1103051,11030,용산구,후암동,37.5458805555555,126.980266666666,kma_admin_dong_grid_20260325
1117052000,11170,1103052,11030,용산구,용산2가동,37.5431194444444,126.987563888888,kma_admin_dong_grid_20260325
1117053000,11170,1103053,11030,용산구,남영동,37.5428333333333,126.976966666666,kma_admin_dong_grid_20260325
1117055500,11170,1103071,11030,용산구,청파동,37.5425555555555,126.972041666666,kma_admin_dong_grid_20260325
1117056000,11170,1103072,11030,용산구,원효로제1동,37.5358694444444,126.968341666666,kma_admin_dong_grid_20260325
1117057000,11170,1103057,11030,용산구,원효로제2동,37.5315916666666,126.953577777777,kma_admin_dong_grid_20260325
1117058000,11170,1103058,11030,용산구,효창동,37.5389527777777,126.963397222222,kma_admin_dong_grid_20260325
1117059000,11170,1103059,11030,용산구,용문동,37.5362499999999,126.959663888888,kma_admin_dong_grid_20260325
1117062500,11170,1103073,11030,용산구,한강로동,37.5262416666666,126.971533333333,kma_admin_dong_grid_20260325
1117063000,11170,1103063,11030,용산구,이촌제1동,37.5184027777777,126.975355555555,kma_admin_dong_grid_20260325
1117064000,11170,1103064,11030,용산구,이촌제2동,37.5240305555555,126.956330555555,kma_admin_dong_grid_20260325
1117065000,11170,1103065,11030,용산구,이태원제1동,37.5294916666666,126.997041666666,kma_admin_dong_grid_20260325
1117066000,11170,1103066,11030,용산구,이태원제2동,37.5379722222222,126.991844444444,kma_admin_dong_grid_20260325
1117068500,11170,1103074,11030,용산구,한남동,37.5318861111111,127.002644444444,kma_admin_dong_grid_20260325
1117069000,11170,1103069,11030,용산구,서빙고동,37.5176055555555,126.996777777777,kma_admin_dong_grid_20260325
1117070000,11170,1103070,11030,용산구,보광동,37.5234638888888,127.002333333333,kma_admin_dong_grid_20260325
1120052000,11200,1104052,11040,성동구,왕십리제2동,37.5583361111111,127.032711111111,kma_admin_dong_grid_20260325
1120053500,11200,1104071,11040,성동구,왕십리도선동,37.5677544,127.0255591,kma_admin_dong_grid_20260325
1120054000,11200,1104054,11040,성동구,마장동,37.5634333333333,127.047563888888,kma_admin_dong_grid_20260325
1120055000,11200,1104055,11040,성동구,사근동,37.5584055555555,127.047955555555,kma_admin_dong_grid_20260325
1120056000,11200,1104056,11040,성동구,행당제1동,37.5553527777777,127.038077777777,kma_admin_dong_grid_20260325
1120057000,11200,1104057,11040,성동구,행당제2동,37.555575,127.031533333333,kma_admin_dong_grid_20260325
1120058000,11200,1104058,11040,성동구,응봉동,37.5503472222222,127.035497222222,kma_admin_dong_grid_20260325
1120059000,11200,1104059,11040,성동구,금호1가동,37.5520694444444,127.023944444444,kma_admin_dong_grid_20260325
1120061500,11200,1104072,11040,성동구,금호2.3가동,37.553188,127.020859,kma_admin_dong_grid_20260325
1120062000,11200,1104062,11040,성동구,금호4가동,37.5444722222222,127.024475,kma_admin_dong_grid_20260325
1120064500,11200,1104073,11040,성동구,옥수동,37.543717,127.013463,kma_admin_dong_grid_20260325
1120065000,11200,1104065,11040,성동구,성수1가제1동,37.5389583333333,127.051986111111,kma_admin_dong_grid_20260325
1120066000,11200,1104066,11040,성동구,성수1가제2동,37.5435277777777,127.046363888888,kma_admin_dong_grid_20260325
1120067000,11200,1104067,11040,성동구,성수2가제1동,37.5367027777777,127.0562,kma_admin_dong_grid_20260325
1120069000,11200,1104068,11040,성동구,성수2가제3동,37.5454305555555,127.057333333333,kma_admin_dong_grid_20260325
1120072000,11200,1104069,11040,성동구,송정동,37.5517277777777,127.071708333333,kma_admin_dong_grid_20260325
1120079000,11200,1104070,11040,성동구,용답동,37.5613666666666,127.057433333333,kma_admin_dong_grid_20260325
1121571000,11215,1105053,11050,광진구,화양동,37.5437861111111,127.073463888888,kma_admin_dong_grid_20260325
1121573000,11215,1105054,11050,광진구,군자동,37.5523527777777,127.077997222222,kma_admin_dong_grid_20260325
1121574000,11215,1105055,11050,광진구,중곡제1동,37.5578416666666,127.082163888888,kma_admin_dong_grid_20260325
1121575000,11215,1105056,11050,광진구,중곡제2동,37.557475,127.083544444444,kma_admin_dong_grid_20260325
1121576000,11215,1105057,11050,광진구,중곡제3동,37.5659166666666,127.082252777777,kma_admin_dong_grid_20260325
1121577000,11215,1105058,11050,광진구,중곡제4동,37.5625111111111,127.089352777777,kma_admin_dong_grid_20260325
1121578000,11215,1105059,11050,광진구,능동,37.5510277777777,127.082644444444,kma_admin_dong_grid_20260325
1121581000,11215,1105063,11050,광진구,광장동,37.5442138888888,127.105308333333,kma_admin_dong_grid_20260325
1121582000,11215,1105064,11050,광진구,자양제1동,37.5316861111111,127.084419444444,kma_admin_dong_grid_20260325
1121583000,11215,1105065,11050,광진구,자양제2동,37.5259999999999,127.086599999999,kma_admin_dong_grid_20260325
1121584000,11215,1105066,11050,광진구,자양제3동,37.5310333333333,127.075030555555,kma_admin_dong_grid_20260325
1121584700,11215,1105067,11050,광진구,자양제4동,37.5374861111111,127.067252777777,kma_admin_dong_grid_20260325
1121585000,11215,1105060,11050,광진구,구의제1동,37.5396749999999,127.087866666666,kma_admin_dong_grid_20260325
1121586000,11215,1105061,11050,광진구,구의제2동,37.5444388888888,127.092108333333,kma_admin_dong_grid_20260325
1121587000,11215,1105062,11050,광진구,구의제3동,37.5361388888888,127.099688888888,kma_admin_dong_grid_20260325
1123053600,11230,1106081,11060,동대문구,용신동,37.5740933,127.0340764,manual_yongsin_backfill_20260723
1123054500,11230,1106082,11060,동대문구,제기동,37.5830767,127.0377843,kma_admin_dong_grid_20260325
1123056000,11230,1106083,11060,동대문구,전농제1동,37.5752111111111,127.049866666666,kma_admin_dong_grid_20260325
1123057000,11230,1106084,11060,동대문구,전농제2동,37.5817027777777,127.053863888888,kma_admin_dong_grid_20260325
1123060000,11230,1106085,11060,동대문구,답십리제1동,37.569275,127.054222222222,kma_admin_dong_grid_20260325
1123061000,11230,1106086,11060,동대문구,답십리제2동,37.5691527777777,127.061574999999,kma_admin_dong_grid_20260325
1123065000,11230,1106087,11060,동대문구,장안제1동,37.5649861111111,127.068477777777,kma_admin_dong_grid_20260325
1123066000,11230,1106088,11060,동대문구,장안제2동,37.5684083333333,127.075308333333,kma_admin_dong_grid_20260325
1123070500,11230,1106080,11060,동대문구,청량리동,37.5862586,127.0472767,kma_admin_dong_grid_20260325
1123071000,11230,1106071,11060,동대문구,회기동,37.5880083333333,127.057488888888,kma_admin_dong_grid_20260325
1123072000,11230,1106072,11060,동대문구,휘경제1동,37.5901583333333,127.067819444444,kma_admin_dong_grid_20260325
1123073000,11230,1106073,11060,동대문구,휘경제2동,37.5884944444444,127.069655555555,kma_admin_dong_grid_20260325
1123074000,11230,1106089,11060,동대문구,이문제1동,37.595,127.067630555555,kma_admin_dong_grid_20260325
1123075000,11230,1106090,11060,동대문구,이문제2동,37.5917305555555,127.058619444444,kma_admin_dong_grid_20260325
1126052000,11260,1107052,11070,중랑구,면목제2동,37.5869833333333,127.081133333333,kma_admin_dong_grid_20260325
1126054000,11260,1107054,11070,중랑구,면목제4동,37.5718166666666,127.087622222222,kma_admin_dong_grid_20260325
1126055000,11260,1107055,11070,중랑구,면목제5동,37.5830472222222,127.081722222222,kma_admin_dong_grid_20260325
1126056500,11260,1107071,11070,중랑구,면목본동,37.5845611111111,127.089677777777,kma_admin_dong_grid_20260325
1126057000,11260,1107057,11070,중랑구,면목제7동,37.5762,127.089086111111,kma_admin_dong_grid_20260325
1126057500,11260,1107072,11070,중랑구,면목제3.8동,37.5802361111111,127.090219444444,kma_admin_dong_grid_20260325
1126058000,11260,1107059,11070,중랑구,상봉제1동,37.5970277777777,127.089288888888,kma_admin_dong_grid_20260325
1126059000,11260,1107060,11070,중랑구,상봉제2동,37.5896111111111,127.085388888888,kma_admin_dong_grid_20260325
1126060000,11260,1107061,11070,중랑구,중화제1동,37.5983861111111,127.082777777777,kma_admin_dong_grid_20260325
1126061000,11260,1107062,11070,중랑구,중화제2동,37.5922166666666,127.077022222222,kma_admin_dong_grid_20260325
1126062000,11260,1107064,11070,중랑구,묵제1동,37.6096222222222,127.080586111111,kma_admin_dong_grid_20260325
1126063000,11260,1107065,11070,중랑구,묵제2동,37.6067972222222,127.078144444444,kma_admin_dong_grid_20260325
1126065500,11260,1107073,11070,중랑구,망우본동,37.5986916666666,127.108463888888,kma_admin_dong_grid_20260325
1126066000,11260,1107068,11070,중랑구,망우제3동,37.5895777777777,127.100266666666,kma_admin_dong_grid_20260325
1126068000,11260,1107069,11070,중랑구,신내1동,37.6030833333333,127.101552777777,kma_admin_dong_grid_20260325
1126069000,11260,1107070,11070,중랑구,신내2동,37.6034305555555,127.096274999999,kma_admin_dong_grid_20260325
1129052500,11290,1108081,11080,성북구,성북동,37.5874416666666,127.006086111111,kma_admin_dong_grid_20260325
1129055500,11290,1108082,11080,성북구,삼선동,37.5828472222222,127.009555555555,kma_admin_dong_grid_20260325
1129057500,11290,1108083,11080,성북구,동선동,37.5912777777777,127.022508333333,kma_admin_dong_grid_20260325
1129058000,11290,1108058,11080,성북구,돈암제1동,37.6005083333333,127.028288888888,kma_admin_dong_grid_20260325
1129059000,11290,1108059,11080,성북구,돈암제2동,37.5952555555555,127.012711111111,kma_admin_dong_grid_20260325
1129060000,11290,1108060,11080,성북구,안암동,37.5830583333333,127.023477777777,kma_admin_dong_grid_20260325
1129061000,11290,1108061,11080,성북구,보문동,37.5775888888888,127.0249,kma_admin_dong_grid_20260325
1129062000,11290,1108062,11080,성북구,정릉제1동,37.5986416666666,127.018741666666,kma_admin_dong_grid_20260325
1129063000,11290,1108063,11080,성북구,정릉제2동,37.6016666666666,127.013241666666,kma_admin_dong_grid_20260325
1129064000,11290,1108064,11080,성북구,정릉제3동,37.6061666666666,127.006288888888,kma_admin_dong_grid_20260325
1129065000,11290,1108065,11080,성북구,정릉제4동,37.6107861111111,127.008208333333,kma_admin_dong_grid_20260325
1129066000,11290,1108066,11080,성북구,길음제1동,37.6017833333333,127.024166666666,kma_admin_dong_grid_20260325
1129068500,11290,1108068,11080,성북구,길음제2동,37.60385,127.0294,kma_admin_dong_grid_20260325
1129070500,11290,1108084,11080,성북구,종암동,37.5973305555555,127.033552777777,kma_admin_dong_grid_20260325
1129071500,11290,1108071,11080,성북구,월곡제1동,37.6042027777777,127.036141666666,kma_admin_dong_grid_20260325
1129072500,11290,1108072,11080,성북구,월곡제2동,37.5999416666666,127.041688888888,kma_admin_dong_grid_20260325
1129076000,11290,1108076,11080,성북구,장위제1동,37.6111916666666,127.045855555555,kma_admin_dong_grid_20260325
1129077000,11290,1108077,11080,성북구,장위제2동,37.6096638888888,127.056708333333,kma_admin_dong_grid_20260325
1129078000,11290,1108078,11080,성북구,장위제3동,37.6137722222222,127.058722222222,kma_admin_dong_grid_20260325
1129081000,11290,1108085,11080,성북구,석관동,37.6101611111111,127.063519444444,kma_admin_dong_grid_20260325
1130553400,11305,1109069,11090,강북구,삼양동,37.6244833333333,127.020511111111,kma_admin_dong_grid_20260325
1130553500,11305,1109070,11090,강북구,미아동,37.6241361111111,127.029019444444,kma_admin_dong_grid_20260325
1130554500,11305,1109071,11090,강북구,송중동,37.6133611111111,127.035833333333,kma_admin_dong_grid_20260325
1130555500,11305,1109072,11090,강북구,송천동,37.6155166666666,127.025955555555,kma_admin_dong_grid_20260325
1130557500,11305,1109073,11090,강북구,삼각산동,37.6144305555555,127.019852777777,kma_admin_dong_grid_20260325
1130559500,11305,1109060,11090,강북구,번1동,37.6351583333333,127.031019444444,kma_admin_dong_grid_20260325
1130560300,11305,1109061,11090,강북구,번2동,37.6293861111111,127.040944444444,kma_admin_dong_grid_20260325
1130560800,11305,1109062,11090,강북구,번3동,37.6230944444444,127.048688888888,kma_admin_dong_grid_20260325
1130561500,11305,1109063,11090,강북구,수유1동,37.6307333333333,127.019297222222,kma_admin_dong_grid_20260325
1130562500,11305,1109064,11090,강북구,수유2동,37.6418805555555,127.022041666666,kma_admin_dong_grid_20260325
1130563500,11305,1109065,11090,강북구,수유3동,37.6359722222222,127.025319444444,kma_admin_dong_grid_20260325
1130564500,11305,1109074,11090,강북구,우이동,37.6451944444444,127.014066666666,kma_admin_dong_grid_20260325
1130566000,11305,1109075,11090,강북구,인수동,37.6387333333333,127.012766666666,kma_admin_dong_grid_20260325
1132051100,11320,1110059,11100,도봉구,창제1동,37.6456472222222,127.045997222222,kma_admin_dong_grid_20260325
1132051200,11320,1110060,11100,도봉구,창제2동,37.6387277777777,127.037766666666,kma_admin_dong_grid_20260325
1132051300,11320,1110061,11100,도봉구,창제3동,37.6352694444444,127.045008333333,kma_admin_dong_grid_20260325
1132051400,11320,1110062,11100,도봉구,창제4동,37.6493972222222,127.053666666666,kma_admin_dong_grid_20260325
1132051500,11320,1110063,11100,도봉구,창제5동,37.6492138888888,127.041297222222,kma_admin_dong_grid_20260325
1132052100,11320,1110064,11100,도봉구,도봉제1동,37.6758194444444,127.045511111111,kma_admin_dong_grid_20260325
1132052200,11320,1110065,11100,도봉구,도봉제2동,37.6669999999999,127.048708333333,kma_admin_dong_grid_20260325
1132066000,11320,1110051,11100,도봉구,쌍문제1동,37.6452472222222,127.028177777777,kma_admin_dong_grid_20260325
1132067000,11320,1110052,11100,도봉구,쌍문제2동,37.6550805555555,127.040911111111,kma_admin_dong_grid_20260325
1132068000,11320,1110053,11100,도봉구,쌍문제3동,37.6461944444444,127.030088888888,kma_admin_dong_grid_20260325
1132068100,11320,1110054,11100,도봉구,쌍문제4동,37.653625,127.030544444444,kma_admin_dong_grid_20260325
1132069000,11320,1110055,11100,도봉구,방학제1동,37.6614333333333,127.042766666666,kma_admin_dong_grid_20260325
1132070000,11320,1110056,11100,도봉구,방학제2동,37.6654361111111,127.037222222222,kma_admin_dong_grid_20260325
1132071000,11320,1110057,11100,도봉구,방학제3동,37.6562277777777,127.030077777777,kma_admin_dong_grid_20260325
1135056000,11350,1111051,11110,노원구,월계1동,37.6173194444444,127.065088888888,kma_admin_dong_grid_20260325
1135057000,11350,1111052,11110,노원구,월계2동,37.6297611111111,127.052997222222,kma_admin_dong_grid_20260325
1135058000,11350,1111053,11110,노원구,월계3동,37.6182055555555,127.071330555555,kma_admin_dong_grid_20260325
1135059500,11350,1111079,11110,노원구,공릉1동,37.62472748,127.0737518,kma_admin_dong_grid_20260325
1135060000,11350,1111056,11110,노원구,공릉2동,37.6185694444444,127.085441666666,kma_admin_dong_grid_20260325
1135061100,11350,1111058,11110,노원구,하계1동,37.6377833333333,127.074730555555,kma_admin_dong_grid_20260325
1135061200,11350,1111059,11110,노원구,하계2동,37.62925,127.070111111111,kma_admin_dong_grid_20260325
1135061900,11350,1111060,11110,노원구,중계본동,37.6450722222222,127.082455555555,kma_admin_dong_grid_20260325
1135062100,11350,1111061,11110,노원구,중계1동,37.6497861111111,127.079663888888,kma_admin_dong_grid_20260325
1135062400,11350,1111064,11110,노원구,중계4동,37.6559666666666,127.080088888888,kma_admin_dong_grid_20260325
1135062500,11350,1111078,11110,노원구,중계2.3동,37.6421829,127.0687126,kma_admin_dong_grid_20260325
1135063000,11350,1111065,11110,노원구,상계1동,37.6771027777777,127.057211111111,kma_admin_dong_grid_20260325
1135064000,11350,1111066,11110,노원구,상계2동,37.655975,127.070708333333,kma_admin_dong_grid_20260325
1135066500,11350,1111076,11110,노원구,상계3.4동,37.661,127.077466666666,kma_admin_dong_grid_20260325
1135067000,11350,1111069,11110,노원구,상계5동,37.6602194444444,127.071486111111,kma_admin_dong_grid_20260325
1135069500,11350,1111077,11110,노원구,상계6.7동,37.6520888888888,127.069066666666,kma_admin_dong_grid_20260325
1135070000,11350,1111072,11110,노원구,상계8동,37.6639444444444,127.053666666666,kma_admin_dong_grid_20260325
1135071000,11350,1111073,11110,노원구,상계9동,37.6617111111111,127.065955555555,kma_admin_dong_grid_20260325
1135072000,11350,1111074,11110,노원구,상계10동,37.6584333333333,127.062366666666,kma_admin_dong_grid_20260325
1138051000,11380,1112051,11120,은평구,녹번동,37.5999611111111,126.936844444444,kma_admin_dong_grid_20260325
1138052000,11380,1112052,11120,은평구,불광제1동,37.6075361111111,126.934188888888,kma_admin_dong_grid_20260325
1138053000,11380,1112072,11120,은평구,불광제2동,37.6187944444444,126.929819444444,kma_admin_dong_grid_20260325
1138055100,11380,1112055,11120,은평구,갈현제1동,37.6208972222222,126.918788888888,kma_admin_dong_grid_20260325
1138055200,11380,1112056,11120,은평구,갈현제2동,37.6157666666666,126.917888888888,kma_admin_dong_grid_20260325
1138056000,11380,1112057,11120,은평구,구산동,37.6090194444444,126.9125,kma_admin_dong_grid_20260325
1138057000,11380,1112058,11120,은평구,대조동,37.6113388888888,126.922888888888,kma_admin_dong_grid_20260325
1138058000,11380,1112059,11120,은평구,응암제1동,37.5979111111111,126.928863888888,kma_admin_dong_grid_20260325
1138059000,11380,1112060,11120,은평구,응암제2동,37.5918166666666,126.925130555555,kma_admin_dong_grid_20260325
1138060000,11380,1112073,11120,은평구,응암제3동,37.5893861111111,126.917841666666,kma_admin_dong_grid_20260325
1138062500,11380,1112074,11120,은평구,역촌동,37.6016194444444,126.917277777777,kma_admin_dong_grid_20260325
1138063100,11380,1112065,11120,은평구,신사제1동,37.5952194444444,126.914386111111,kma_admin_dong_grid_20260325
1138063200,11380,1112066,11120,은평구,신사제2동,37.5893333333333,126.914833333333,kma_admin_dong_grid_20260325
1138064000,11380,1112067,11120,은평구,증산동,37.5815305555555,126.909222222222,kma_admin_dong_grid_20260325
1138065000,11380,1112068,11120,은평구,수색동,37.5813583333333,126.899641666666,kma_admin_dong_grid_20260325
1138069000,11380,1112071,11120,은평구,진관동,37.6356,126.921111111111,kma_admin_dong_grid_20260325
1141052000,11410,1113052,11130,서대문구,천연동,37.5683027777777,126.961175,kma_admin_dong_grid_20260325
1141055500,11410,1113074,11130,서대문구,북아현동,37.5568694444444,126.958911111111,kma_admin_dong_grid_20260325
1141056500,11410,1113073,11130,서대문구,충현동,37.5620611111111,126.956844444444,kma_admin_dong_grid_20260325
1141058500,11410,1113075,11130,서대문구,신촌동,37.5567388888888,126.945586111111,kma_admin_dong_grid_20260325
1141061500,11410,1113076,11130,서대문구,연희동,37.5711222222222,126.937352777777,kma_admin_dong_grid_20260325
1141062000,11410,1113062,11130,서대문구,홍제제1동,37.5849,126.946986111111,kma_admin_dong_grid_20260325
1141064000,11410,1113064,11130,서대문구,홍제제3동,37.5924444444444,126.951166666666,kma_admin_dong_grid_20260325
1141065500,11410,1113065,11130,서대문구,홍제제2동,37.5833388888888,126.951466666666,kma_admin_dong_grid_20260325
1141066000,11410,1113066,11130,서대문구,홍은제1동,37.5904305555555,126.945955555555,kma_admin_dong_grid_20260325
1141068500,11410,1113068,11130,서대문구,홍은제2동,37.5801583333333,126.938486111111,kma_admin_dong_grid_20260325
1141069000,11410,1113069,11130,서대문구,남가좌제1동,37.5711944444444,126.915577777777,kma_admin_dong_grid_20260325
1141070000,11410,1113070,11130,서대문구,남가좌제2동,37.5756277777777,126.925911111111,kma_admin_dong_grid_20260325
1141071000,11410,1113071,11130,서대문구,북가좌제1동,37.5767111111111,126.908977777777,kma_admin_dong_grid_20260325
1141072000,11410,1113072,11130,서대문구,북가좌제2동,37.5786027777777,126.913219444444,kma_admin_dong_grid_20260325
1144055500,11440,1114078,11140,마포구,아현동,37.5443444444444,126.954222222222,kma_admin_dong_grid_20260325
1144056500,11440,1114077,11140,마포구,공덕동,37.5474416666666,126.962088888888,kma_admin_dong_grid_20260325
1144058500,11440,1114075,11140,마포구,도화동,37.5349,126.952130555555,kma_admin_dong_grid_20260325
1144059000,11440,1114059,11140,마포구,용강동,37.5392472222222,126.943733333333,kma_admin_dong_grid_20260325
1144060000,11440,1114060,11140,마포구,대흥동,37.55305,126.944811111111,kma_admin_dong_grid_20260325
1144061000,11440,1114061,11140,마포구,염리동,37.5443861111111,126.947719444444,kma_admin_dong_grid_20260325
1144063000,11440,1114063,11140,마포구,신수동,37.5440666666666,126.936641666666,kma_admin_dong_grid_20260325
1144065500,11440,1114076,11140,마포구,서강동,37.5444472222222,126.934155555555,kma_admin_dong_grid_20260325
1144066000,11440,1114066,11140,마포구,서교동,37.5496555555555,126.922975,kma_admin_dong_grid_20260325
1144068000,11440,1114068,11140,마포구,합정동,37.5467222222222,126.907752777777,kma_admin_dong_grid_20260325
1144069000,11440,1114069,11140,마포구,망원제1동,37.5524333333333,126.907766666666,kma_admin_dong_grid_20260325
1144070000,11440,1114070,11140,마포구,망원제2동,37.5575638888888,126.904311111111,kma_admin_dong_grid_20260325
1144071000,11440,1114071,11140,마포구,연남동,37.5616944444444,126.924066666666,kma_admin_dong_grid_20260325
1144072000,11440,1114072,11140,마포구,성산제1동,37.5605833333333,126.910022222222,kma_admin_dong_grid_20260325
1144073000,11440,1114073,11140,마포구,성산제2동,37.5659305555555,126.911152777777,kma_admin_dong_grid_20260325
1144074000,11440,1114074,11140,마포구,상암동,37.5755138888888,126.896811111111,kma_admin_dong_grid_20260325
1147051000,11470,1115051,11150,양천구,목1동,37.5275388888888,126.873233333333,kma_admin_dong_grid_20260325
1147052000,11470,1115052,11150,양천구,목2동,37.5433527777777,126.873808333333,kma_admin_dong_grid_20260325
1147053000,11470,1115053,11150,양천구,목3동,37.5420972222222,126.866599999999,kma_admin_dong_grid_20260325
1147054000,11470,1115054,11150,양천구,목4동,37.5295333333333,126.870497222222,kma_admin_dong_grid_20260325
1147055000,11470,1115071,11150,양천구,목5동,37.5324166666666,126.880752777777,kma_admin_dong_grid_20260325
1147056000,11470,1115057,11150,양천구,신월1동,37.5300055555555,126.833599999999,kma_admin_dong_grid_20260325
1147057000,11470,1115058,11150,양천구,신월2동,37.5221722222222,126.846586111111,kma_admin_dong_grid_20260325
1147058000,11470,1115059,11150,양천구,신월3동,37.5308472222222,126.831175,kma_admin_dong_grid_20260325
1147059000,11470,1115060,11150,양천구,신월4동,37.5219055555555,126.842155555555,kma_admin_dong_grid_20260325
1147060000,11470,1115061,11150,양천구,신월5동,37.5368888888888,126.829444444444,kma_admin_dong_grid_20260325
1147061000,11470,1115062,11150,양천구,신월6동,37.5133027777777,126.845766666666,kma_admin_dong_grid_20260325
1147061100,11470,1115063,11150,양천구,신월7동,37.5190916666666,126.836763888888,kma_admin_dong_grid_20260325
1147062000,11470,1115064,11150,양천구,신정1동,37.5157305555555,126.856397222222,kma_admin_dong_grid_20260325
1147063000,11470,1115065,11150,양천구,신정2동,37.5164083333333,126.872697222222,kma_admin_dong_grid_20260325
1147064000,11470,1115066,11150,양천구,신정3동,37.5123361111111,126.856886111111,kma_admin_dong_grid_20260325
1147065000,11470,1115072,11150,양천구,신정4동,37.5206361111111,126.8608,kma_admin_dong_grid_20260325
1147067000,11470,1115069,11150,양천구,신정6동,37.5142472222222,126.866486111111,kma_admin_dong_grid_20260325
1147068000,11470,1115070,11150,양천구,신정7동,37.5116,126.861755555555,kma_admin_dong_grid_20260325
1150051000,11500,1116051,11160,강서구,염창동,37.5510444444444,126.873044444444,kma_admin_dong_grid_20260325
1150052000,11500,1116052,11160,강서구,등촌제1동,37.5530666666666,126.860997222222,kma_admin_dong_grid_20260325
1150053000,11500,1116053,11160,강서구,등촌제2동,37.5398527777777,126.864597222222,kma_admin_dong_grid_20260325
1150053500,11500,1116054,11160,강서구,등촌제3동,37.5560944444444,126.850008333333,kma_admin_dong_grid_20260325
1150054000,11500,1116073,11160,강서구,화곡제1동,37.5277444444444,126.843741666666,kma_admin_dong_grid_20260325
1150055000,11500,1116057,11160,강서구,화곡제2동,37.5287888888888,126.856744444444,kma_admin_dong_grid_20260325
1150056000,11500,1116058,11160,강서구,화곡제3동,37.5399416666666,126.840463888888,kma_admin_dong_grid_20260325
1150057000,11500,1116059,11160,강서구,화곡제4동,37.5301333333333,126.865233333333,kma_admin_dong_grid_20260325
1150059000,11500,1116055,11160,강서구,화곡본동,37.5412444444444,126.849752777777,kma_admin_dong_grid_20260325
1150059100,11500,1116061,11160,강서구,화곡제6동,37.5489944444444,126.852244444444,kma_admin_dong_grid_20260325
1150059300,11500,1116063,11160,강서구,화곡제8동,37.5298916666666,126.850422222222,kma_admin_dong_grid_20260325
1150060300,11500,1116064,11160,강서구,가양제1동,37.5664777777777,126.842663888888,kma_admin_dong_grid_20260325
1150060400,11500,1116065,11160,강서구,가양제2동,37.5646055555555,126.853363888888,kma_admin_dong_grid_20260325
1150060500,11500,1116066,11160,강서구,가양제3동,37.5582749999999,126.862686111111,kma_admin_dong_grid_20260325
1150061100,11500,1116067,11160,강서구,발산제1동,37.5502694444444,126.835244444444,kma_admin_dong_grid_20260325
1150061500,11500,1116074,11160,강서구,우장산동,37.5482468,126.8418849,kma_admin_dong_grid_20260325
1150062000,11500,1116069,11160,강서구,공항동,37.5561055555555,126.812163888888,kma_admin_dong_grid_20260325
1150063000,11500,1116070,11160,강서구,방화제1동,37.5687722222222,126.814311111111,kma_admin_dong_grid_20260325
1150064000,11500,1116071,11160,강서구,방화제2동,37.5638749999999,126.808830555555,kma_admin_dong_grid_20260325
1150064100,11500,1116072,11160,강서구,방화제3동,37.5759416666666,126.816019444444,kma_admin_dong_grid_20260325
1153051000,11530,1117051,11170,구로구,신도림동,37.5049777777777,126.882652777777,kma_admin_dong_grid_20260325
1153052000,11530,1117052,11170,구로구,구로제1동,37.4902027777777,126.877855555555,kma_admin_dong_grid_20260325
1153053000,11530,1117071,11170,구로구,구로제2동,37.4886027777777,126.885666666666,kma_admin_dong_grid_20260325
1153054000,11530,1117054,11170,구로구,구로제3동,37.4830555555555,126.895686111111,kma_admin_dong_grid_20260325
1153055000,11530,1117055,11170,구로구,구로제4동,37.4888305555555,126.891222222222,kma_admin_dong_grid_20260325
1153056000,11530,1117056,11170,구로구,구로제5동,37.4972777777777,126.891377777777,kma_admin_dong_grid_20260325
1153059500,11530,1117070,11170,구로구,가리봉동,37.4779805555555,126.891986111111,kma_admin_dong_grid_20260325
1153072000,11530,1117061,11170,구로구,고척제1동,37.4976083333333,126.864799999999,kma_admin_dong_grid_20260325
1153073000,11530,1117062,11170,구로구,고척제2동,37.5037777777777,126.860430555555,kma_admin_dong_grid_20260325
1153074000,11530,1117072,11170,구로구,개봉제1동,37.4993861111111,126.849263888888,kma_admin_dong_grid_20260325
1153075000,11530,1117064,11170,구로구,개봉제2동,37.488025,126.858619444444,kma_admin_dong_grid_20260325
1153076000,11530,1117065,11170,구로구,개봉제3동,37.4831722222222,126.855888888888,kma_admin_dong_grid_20260325
1153077000,11530,1117067,11170,구로구,오류제1동,37.4942472222222,126.847088888888,kma_admin_dong_grid_20260325
1153078000,11530,1117068,11170,구로구,오류제2동,37.4859916666666,126.841608333333,kma_admin_dong_grid_20260325
1153079000,11530,1117069,11170,구로구,수궁동,37.4911055555555,126.833566666666,kma_admin_dong_grid_20260325
1154551000,11545,1118051,11180,금천구,가산동,37.474125,126.893808333333,kma_admin_dong_grid_20260325
1154561000,11545,1118052,11180,금천구,독산제1동,37.4674583333333,126.8991,kma_admin_dong_grid_20260325
1154562000,11545,1118053,11180,금천구,독산제2동,37.4632944444444,126.901844444444,kma_admin_dong_grid_20260325
1154563000,11545,1118054,11180,금천구,독산제3동,37.4737888888888,126.909988888888,kma_admin_dong_grid_20260325
1154564000,11545,1118055,11180,금천구,독산제4동,37.4646555555555,126.904222222222,kma_admin_dong_grid_20260325
1154567000,11545,1118057,11180,금천구,시흥제1동,37.4521472222222,126.899419444444,kma_admin_dong_grid_20260325
1154568000,11545,1118058,11180,금천구,시흥제2동,37.4472916666666,126.918830555555,kma_admin_dong_grid_20260325
1154569000,11545,1118059,11180,금천구,시흥제3동,37.4375194444444,126.907975,kma_admin_dong_grid_20260325
1154570000,11545,1118060,11180,금천구,시흥제4동,37.456175,126.908241666666,kma_admin_dong_grid_20260325
1154571000,11545,1118061,11180,금천구,시흥제5동,37.4495861111111,126.910408333333,kma_admin_dong_grid_20260325
1156051500,11560,1119073,11190,영등포구,영등포본동,37.5146826,126.9093046,kma_admin_dong_grid_20260325
1156053500,11560,1119074,11190,영등포구,영등포동,37.5203985,126.910691,kma_admin_dong_grid_20260325
1156054000,11560,1119054,11190,영등포구,여의동,37.5148888888888,126.936755555555,kma_admin_dong_grid_20260325
1156055000,11560,1119055,11190,영등포구,당산제1동,37.5221583333333,126.899522222222,kma_admin_dong_grid_20260325
1156056000,11560,1119056,11190,영등포구,당산제2동,37.5319388888888,126.904244444444,kma_admin_dong_grid_20260325
1156058500,11560,1119075,11190,영등포구,도림동,37.509475,126.89595,kma_admin_dong_grid_20260325
1156060500,11560,1119076,11190,영등포구,문래동,37.5170965,126.8995421,kma_admin_dong_grid_20260325
1156061000,11560,1119061,11190,영등포구,양평제1동,37.5208472222222,126.890286111111,kma_admin_dong_grid_20260325
1156062000,11560,1119062,11190,영등포구,양평제2동,37.535,126.898022222222,kma_admin_dong_grid_20260325
1156063000,11560,1119063,11190,영등포구,신길제1동,37.5081722222222,126.923477777777,kma_admin_dong_grid_20260325
1156065000,11560,1119065,11190,영등포구,신길제3동,37.5046222222222,126.909919444444,kma_admin_dong_grid_20260325
1156066000,11560,1119066,11190,영등포구,신길제4동,37.5056722222222,126.913375,kma_admin_dong_grid_20260325
1156067000,11560,1119067,11190,영등포구,신길제5동,37.4988222222222,126.907344444444,kma_admin_dong_grid_20260325
1156068000,11560,1119068,11190,영등포구,신길제6동,37.4965638888888,126.911944444444,kma_admin_dong_grid_20260325
1156069000,11560,1119069,11190,영등포구,신길제7동,37.5036555555555,126.923477777777,kma_admin_dong_grid_20260325
1156070000,11560,1119070,11190,영등포구,대림제1동,37.4925888888888,126.907963888888,kma_admin_dong_grid_20260325
1156071000,11560,1119071,11190,영등포구,대림제2동,37.489925,126.900355555555,kma_admin_dong_grid_20260325
1156072000,11560,1119072,11190,영등포구,대림제3동,37.4954861111111,126.900211111111,kma_admin_dong_grid_20260325
1159051000,11590,1120072,11200,동작구,노량진제1동,37.5094805555555,126.944086111111,kma_admin_dong_grid_20260325
1159052000,11590,1120052,11200,동작구,노량진제2동,37.5057333333333,126.939386111111,kma_admin_dong_grid_20260325
1159053000,11590,1120053,11200,동작구,상도제1동,37.50405,126.953022222222,kma_admin_dong_grid_20260325
1159054000,11590,1120054,11200,동작구,상도제2동,37.5026416666666,126.9444,kma_admin_dong_grid_20260325
1159055000,11590,1120055,11200,동작구,상도제3동,37.4963666666666,126.933388888888,kma_admin_dong_grid_20260325
1159056000,11590,1120056,11200,동작구,상도제4동,37.4977777777777,126.939875,kma_admin_dong_grid_20260325
1159060500,11590,1120071,11200,동작구,흑석동,37.5067388888888,126.962611111111,kma_admin_dong_grid_20260325
1159062000,11590,1120063,11200,동작구,사당제1동,37.4736111111111,126.975733333333,kma_admin_dong_grid_20260325
1159063000,11590,1120073,11200,동작구,사당제2동,37.4856194444444,126.979508333333,kma_admin_dong_grid_20260325
1159064000,11590,1120065,11200,동작구,사당제3동,37.483825,126.974086111111,kma_admin_dong_grid_20260325
1159065000,11590,1120066,11200,동작구,사당제4동,37.4781861111111,126.973722222222,kma_admin_dong_grid_20260325
1159065100,11590,1120067,11200,동작구,사당제5동,37.4827972222222,126.969108333333,kma_admin_dong_grid_20260325
1159066000,11590,1120068,11200,동작구,대방동,37.5053305555555,126.928444444444,kma_admin_dong_grid_20260325
1159067000,11590,1120069,11200,동작구,신대방제1동,37.48615,126.912108333333,kma_admin_dong_grid_20260325
1159068000,11590,1120070,11200,동작구,신대방제2동,37.4961222222222,126.927975,kma_admin_dong_grid_20260325
1162052500,11620,1121052,11210,관악구,보라매동,37.4853055555555,126.934886111111,kma_admin_dong_grid_20260325
1162054500,11620,1121054,11210,관악구,청림동,37.4890388888888,126.960666666666,kma_admin_dong_grid_20260325
1162056500,11620,1121079,11210,관악구,성현동,37.4896244,126.9481357,kma_admin_dong_grid_20260325
1162057500,11620,1121057,11210,관악구,행운동,37.4778833333333,126.959033333333,kma_admin_dong_grid_20260325
1162058500,11620,1121058,11210,관악구,낙성대동,37.4735,126.960488888888,kma_admin_dong_grid_20260325
1162059500,11620,1121080,11210,관악구,청룡동,37.479151,126.94155,kma_admin_dong_grid_20260325
1162060500,11620,1121078,11210,관악구,은천동,37.4853086,126.9424278,kma_admin_dong_grid_20260325
1162061500,11620,1121061,11210,관악구,중앙동,37.4814416666666,126.951755555555,kma_admin_dong_grid_20260325
1162062500,11620,1121062,11210,관악구,인헌동,37.4723055555555,126.967375,kma_admin_dong_grid_20260325
1162063000,11620,1121063,11210,관악구,남현동,37.4717888888888,126.979955555555,kma_admin_dong_grid_20260325
1162064500,11620,1121064,11210,관악구,서원동,37.4797346,126.9313,kma_admin_dong_grid_20260325
1162065500,11620,1121065,11210,관악구,신원동,37.4787777777777,126.929419444444,kma_admin_dong_grid_20260325
1162066500,11620,1121066,11210,관악구,서림동,37.4721638888888,126.937055555555,kma_admin_dong_grid_20260325
1162068500,11620,1121068,11210,관악구,신사동,37.4854118,126.9180796,kma_admin_dong_grid_20260325
1162069500,11620,1121069,11210,관악구,신림동,37.487426,126.927075,kma_admin_dong_grid_20260325
1162071500,11620,1121071,11210,관악구,난향동,37.461429,126.918842,kma_admin_dong_grid_20260325
1162072500,11620,1121072,11210,관악구,조원동,37.4826299,126.9078649,kma_admin_dong_grid_20260325
1162073500,11620,1121073,11210,관악구,대학동,37.4706145,126.9369907,kma_admin_dong_grid_20260325
1162074500,11620,1121082,11210,관악구,삼성동,37.470101,126.932963,kma_admin_dong_grid_20260325
1162076500,11620,1121083,11210,관악구,미성동,37.4761761,126.9155534,kma_admin_dong_grid_20260325
1162077500,11620,1121081,11210,관악구,난곡동,37.4709634,126.9216507,kma_admin_dong_grid_20260325
1165051000,11650,1122051,11220,서초구,서초1동,37.486,127.021111111111,kma_admin_dong_grid_20260325
1165052000,11650,1122052,11220,서초구,서초2동,37.48925,127.026911111111,kma_admin_dong_grid_20260325
1165053000,11650,1122053,11220,서초구,서초3동,37.4807833333333,127.014566666666,kma_admin_dong_grid_20260325
1165053100,11650,1122054,11220,서초구,서초4동,37.4998555555555,127.024222222222,kma_admin_dong_grid_20260325
1165054000,11650,1122055,11220,서초구,잠원동,37.5120888888888,127.016052777777,kma_admin_dong_grid_20260325
1165055000,11650,1122056,11220,서초구,반포본동,37.49765,126.988133333333,kma_admin_dong_grid_20260325
1165056000,11650,1122057,11220,서초구,반포1동,37.5033194444444,127.014466666666,kma_admin_dong_grid_20260325
1165057000,11650,1122058,11220,서초구,반포2동,37.5017833333333,126.996575,kma_admin_dong_grid_20260325
1165058000,11650,1122059,11220,서초구,반포3동,37.5091722222222,127.007752777777,kma_admin_dong_grid_20260325
1165058100,11650,1122060,11220,서초구,반포4동,37.4947583333333,127.002441666666,kma_admin_dong_grid_20260325
1165059000,11650,1122061,11220,서초구,방배본동,37.4914444444444,126.990833333333,kma_admin_dong_grid_20260325
1165060000,11650,1122062,11220,서초구,방배1동,37.4805583333333,126.996608333333,kma_admin_dong_grid_20260325
1165061000,11650,1122063,11220,서초구,방배2동,37.4769666666666,126.987611111111,kma_admin_dong_grid_20260325
1165062000,11650,1122064,11220,서초구,방배3동,37.4775388888888,127.001133333333,kma_admin_dong_grid_20260325
1165062100,11650,1122065,11220,서초구,방배4동,37.4868166666666,126.993322222222,kma_admin_dong_grid_20260325
1165065100,11650,1122066,11220,서초구,양재1동,37.4816361111111,127.038152777777,kma_admin_dong_grid_20260325
1165065200,11650,1122067,11220,서초구,양재2동,37.4677805555555,127.043144444444,kma_admin_dong_grid_20260325
1165066000,11650,1122068,11220,서초구,내곡동,37.4591444444444,127.053411111111,kma_admin_dong_grid_20260325
1168051000,11680,1123051,11230,강남구,신사동,37.5213388888888,127.025022222222,kma_admin_dong_grid_20260325
1168052100,11680,1123052,11230,강남구,논현1동,37.5087888888888,127.030511111111,kma_admin_dong_grid_20260325
1168053100,11680,1123053,11230,강남구,논현2동,37.5144361111111,127.039288888888,kma_admin_dong_grid_20260325
1168054500,11680,1123077,11230,강남구,압구정동,37.530642,127.030713,kma_admin_dong_grid_20260325
1168056500,11680,1123078,11230,강남구,청담동,37.5251083,127.0493,kma_admin_dong_grid_20260325
1168058000,11680,1123058,11230,강남구,삼성1동,37.5090416666666,127.057530555555,kma_admin_dong_grid_20260325
1168059000,11680,1123059,11230,강남구,삼성2동,37.5083888888888,127.048086111111,kma_admin_dong_grid_20260325
1168060000,11680,1123060,11230,강남구,대치1동,37.4905055555555,127.063855555555,kma_admin_dong_grid_20260325
1168061000,11680,1123079,11230,강남구,대치2동,37.4971111111111,127.069019444444,kma_admin_dong_grid_20260325
1168063000,11680,1123063,11230,강남구,대치4동,37.4969638888888,127.059852777777,kma_admin_dong_grid_20260325
1168064000,11680,1123064,11230,강남구,역삼1동,37.4925833333333,127.035144444444,kma_admin_dong_grid_20260325
1168065000,11680,1123065,11230,강남구,역삼2동,37.4932472222222,127.048855555555,kma_admin_dong_grid_20260325
1168065500,11680,1123066,11230,강남구,도곡1동,37.4880666666666,127.040497222222,kma_admin_dong_grid_20260325
1168065600,11680,1123067,11230,강남구,도곡2동,37.4798638888888,127.0454,kma_admin_dong_grid_20260325
1168066000,11680,1123068,11230,강남구,개포1동,37.4790972222222,127.059555555555,kma_admin_dong_grid_20260325
1168067000,11680,1123080,11230,강남구,개포2동,37.485175,127.075741666666,kma_admin_dong_grid_20260325
1168069000,11680,1123071,11230,강남구,개포4동,37.4760277777777,127.053733333333,kma_admin_dong_grid_20260325
1168070000,11680,1123076,11230,강남구,세곡동,37.4663666666666,127.109363888888,kma_admin_dong_grid_20260325
1168072000,11680,1123072,11230,강남구,일원본동,37.4805333333333,127.0886,kma_admin_dong_grid_20260325
1168073000,11680,1123073,11230,강남구,일원1동,37.4890583333333,127.090130555555,kma_admin_dong_grid_20260325
1168075000,11680,1123075,11230,강남구,수서동,37.4860277777777,127.107,kma_admin_dong_grid_20260325
1171051000,11710,1124051,11240,송파구,풍납1동,37.5352472222222,127.124244444444,kma_admin_dong_grid_20260325
1171052000,11710,1124052,11240,송파구,풍납2동,37.52595,127.118863888888,kma_admin_dong_grid_20260325
1171053100,11710,1124053,11240,송파구,거여1동,37.4941083333333,127.145408333333,kma_admin_dong_grid_20260325
1171053200,11710,1124054,11240,송파구,거여2동,37.4906861111111,127.149,kma_admin_dong_grid_20260325
1171054000,11710,1124055,11240,송파구,마천1동,37.4932222222222,127.152088888888,kma_admin_dong_grid_20260325
1171055000,11710,1124056,11240,송파구,마천2동,37.494075,127.150677777777,kma_admin_dong_grid_20260325
1171056100,11710,1124057,11240,송파구,방이1동,37.5081472222222,127.126011111111,kma_admin_dong_grid_20260325
1171056200,11710,1124058,11240,송파구,방이2동,37.5117555555555,127.116533333333,kma_admin_dong_grid_20260325
1171056600,11710,1124059,11240,송파구,오륜동,37.5125888888888,127.1365,kma_admin_dong_grid_20260325
1171057000,11710,1124060,11240,송파구,오금동,37.50015,127.130244444444,kma_admin_dong_grid_20260325
1171058000,11710,1124061,11240,송파구,송파1동,37.5031305555555,127.111819444444,kma_admin_dong_grid_20260325
1171059000,11710,1124062,11240,송파구,송파2동,37.4994361111111,127.118911111111,kma_admin_dong_grid_20260325
1171060000,11710,1124063,11240,송파구,석촌동,37.500775,127.105752777777,kma_admin_dong_grid_20260325
1171061000,11710,1124064,11240,송파구,삼전동,37.4999777777777,127.094641666666,kma_admin_dong_grid_20260325
1171062000,11710,1124065,11240,송파구,가락본동,37.4927722222222,127.123911111111,kma_admin_dong_grid_20260325
1171063100,11710,1124066,11240,송파구,가락1동,37.49375,127.107686111111,kma_admin_dong_grid_20260325
1171063200,11710,1124067,11240,송파구,가락2동,37.4958444444444,127.128641666666,kma_admin_dong_grid_20260325
1171064100,11710,1124068,11240,송파구,문정1동,37.4871916666666,127.1262,kma_admin_dong_grid_20260325
1171064200,11710,1124069,11240,송파구,문정2동,37.4870527777777,127.113063888888,kma_admin_dong_grid_20260325
1171064600,11710,1124070,11240,송파구,장지동,37.4841361111111,127.134533333333,kma_admin_dong_grid_20260325
1171065000,11710,1124071,11240,송파구,잠실본동,37.5033555555555,127.086419444444,kma_admin_dong_grid_20260325
1171067000,11710,1124079,11240,송파구,잠실2동,37.5119138888888,127.089975,kma_admin_dong_grid_20260325
1171068000,11710,1124080,11240,송파구,잠실3동,37.5044888888888,127.096411111111,kma_admin_dong_grid_20260325
1171069000,11710,1124075,11240,송파구,잠실4동,37.5164444444444,127.110055555555,kma_admin_dong_grid_20260325
1171071000,11710,1124077,11240,송파구,잠실6동,37.5153833333333,127.102652777777,kma_admin_dong_grid_20260325
1171072000,11710,1124078,11240,송파구,잠실7동,37.5058611111111,127.079133333333,kma_admin_dong_grid_20260325
1174051500,11740,1125051,11250,강동구,강일동,37.5667138888888,127.1804,kma_admin_dong_grid_20260325
1174053000,11740,1125053,11250,강동구,명일제1동,37.5469638888888,127.148022222222,kma_admin_dong_grid_20260325
1174054000,11740,1125054,11250,강동구,명일제2동,37.5435527777777,127.153444444444,kma_admin_dong_grid_20260325
1174055000,11740,1125055,11250,강동구,고덕제1동,37.5562444444444,127.151019444444,kma_admin_dong_grid_20260325
1174056000,11740,1125056,11250,강동구,고덕제2동,37.5577138888888,127.166486111111,kma_admin_dong_grid_20260325
1174057000,11740,1125072,11250,강동구,암사제1동,37.5487166666666,127.134763888888,kma_admin_dong_grid_20260325
1174058000,11740,1125058,11250,강동구,암사제2동,37.5489611111111,127.129352777777,kma_admin_dong_grid_20260325
1174059000,11740,1125059,11250,강동구,암사제3동,37.5523722222222,127.140375,kma_admin_dong_grid_20260325
1174060000,11740,1125061,11250,강동구,천호제1동,37.5423027777777,127.138877777777,kma_admin_dong_grid_20260325
1174061000,11740,1125073,11250,강동구,천호제2동,37.5397861111111,127.122908333333,kma_admin_dong_grid_20260325
1174062000,11740,1125063,11250,강동구,천호제3동,37.5369722222222,127.131966666666,kma_admin_dong_grid_20260325
1174064000,11740,1125065,11250,강동구,성내제1동,37.5278472222222,127.126030555555,kma_admin_dong_grid_20260325
1174065000,11740,1125066,11250,강동구,성내제2동,37.5296027777777,127.131586111111,kma_admin_dong_grid_20260325
1174066000,11740,1125067,11250,강동구,성내제3동,37.5233722222222,127.134886111111,kma_admin_dong_grid_20260325
1174068500,11740,1125074,11250,강동구,길동,37.5392169,127.1461684,kma_admin_dong_grid_20260325
1174069000,11740,1125070,11250,강동구,둔촌제1동,37.52075,127.138830555555,kma_admin_dong_grid_20260325
1174070000,11740,1125071,11250,강동구,둔촌제2동,37.53055,127.144019444444,kma_admin_dong_grid_20260325
