place_id,place_name,alias_names,gu,admin_dong,latitude,longitude,nx,ny,mapping_method,grid_distance_m,source_admin_code
seoul_admd_1111051500,청운효자동,청운효자동,종로구,청운효자동,37.5841367,126.9706519,60,127,kma_admin_dong_grid_20260325,1715,1111051500
seoul_admd_1111053000,사직동,사직동|광화문|광화문역,종로구,사직동,37.5732694444444,126.970955555555,60,127,kma_admin_dong_grid_20260325,1780,1111053000
seoul_admd_1111054000,삼청동,삼청동,종로구,삼청동,37.582425,126.983977777777,60,127,kma_admin_dong_grid_20260325,552,1111054000
seoul_admd_1111055000,부암동,부암동,종로구,부암동,37.5898555555555,126.966444444444,60,127,kma_admin_dong_grid_20260325,2304,1111055000
seoul_admd_1111056000,평창동,평창동,종로구,평창동,37.6025222222222,126.968877777777,60,127,kma_admin_dong_grid_20260325,3098,1111056000
seoul_admd_1111057000,무악동,무악동,종로구,무악동,37.5715388888888,126.961208333333,60,127,kma_admin_dong_grid_20260325,2648,1111057000
seoul_admd_1111058000,교남동,교남동,종로구,교남동,37.569075,126.9641,60,127,kma_admin_dong_grid_20260325,2529,1111058000
seoul_admd_1111060000,가회동,가회동,종로구,가회동,37.5772527777777,126.986911111111,60,127,kma_admin_dong_grid_20260325,362,1111060000
seoul_admd_1111061500,종로1.2.3.4가동,종로1.2.3.4가동|종각|종각역,종로구,종로1.2.3.4가동,37.5678861111111,126.991066666666,60,127,kma_admin_dong_grid_20260325,1341,1111061500
seoul_admd_1111063000,종로5.6가동,종로5.6가동,종로구,종로5.6가동,37.5692111111111,127.007155555555,60,127,kma_admin_dong_grid_20260325,1966,1111063000
seoul_admd_1111064000,이화동,이화동,종로구,이화동,37.5742138888888,127.006397222222,60,127,kma_admin_dong_grid_20260325,1629,1111064000
seoul_admd_1111065000,혜화동,혜화동,종로구,혜화동,37.5839888888888,127.002622222222,60,127,kma_admin_dong_grid_20260325,1256,1111065000
seoul_admd_1111067000,창신제1동,창신제1동|창신1동,종로구,창신제1동,37.5679361111111,127.018463888888,61,127,kma_admin_dong_grid_20260325,2857,1111067000
seoul_admd_1111068000,창신제2동,창신제2동|창신2동,종로구,창신제2동,37.5716444444444,127.012963888888,60,127,kma_admin_dong_grid_20260325,2273,1111068000
seoul_admd_1111069000,창신제3동,창신제3동|창신3동,종로구,창신제3동,37.5750472222222,127.017163888888,60,127,kma_admin_dong_grid_20260325,2509,1111069000
seoul_admd_1111070000,숭인제1동,숭인제1동|숭인1동,종로구,숭인제1동,37.5750277777777,127.017663888888,60,127,kma_admin_dong_grid_20260325,2552,1111070000
seoul_admd_1111071000,숭인제2동,숭인제2동|숭인2동,종로구,숭인제2동,37.5720361111111,127.022055555555,61,127,kma_admin_dong_grid_20260325,2386,1111071000
seoul_admd_1114052000,소공동,소공동|시청|서울시청|시청역,중구,소공동,37.5596305555555,126.979108333333,60,127,kma_admin_dong_grid_20260325,2425,1114052000
seoul_admd_1114054000,회현동,회현동|서울역,중구,회현동,37.5544833333333,126.981444444444,60,126,kma_admin_dong_grid_20260325,2390,1114054000
seoul_admd_1114055000,명동,명동|명동역,중구,명동,37.5572361111111,126.987888888888,60,127,kma_admin_dong_grid_20260325,2520,1114055000
seoul_admd_1114057000,필동,필동,중구,필동,37.5573527777777,126.997711111111,60,127,kma_admin_dong_grid_20260325,2610,1114057000
seoul_admd_1114058000,장충동,장충동,중구,장충동,37.5591166666666,127.009933333333,60,127,kma_admin_dong_grid_20260325,2935,1114058000
seoul_admd_1114059000,광희동,광희동|DDP|동대문디자인플라자,중구,광희동,37.5617305555555,127.007163888888,60,127,kma_admin_dong_grid_20260325,2556,1114059000
seoul_admd_1114060500,을지로동,을지로동,중구,을지로동,37.5639,126.993430555555,60,127,kma_admin_dong_grid_20260325,1812,1114060500
seoul_admd_1114061500,신당동,신당동,중구,신당동,37.5593111111111,127.016633333333,60,127,kma_admin_dong_grid_20260325,3318,1114061500
seoul_admd_1114062500,다산동,다산동,중구,다산동,37.5516166666666,127.010308333333,60,126,kma_admin_dong_grid_20260325,2756,1114062500
seoul_admd_1114063500,약수동,약수동,중구,약수동,37.5496583333333,127.011086111111,60,126,kma_admin_dong_grid_20260325,2654,1114063500
seoul_admd_1114064500,청구동,청구동,중구,청구동,37.5542583333333,127.016788888888,60,126,kma_admin_dong_grid_20260325,3370,1114064500
seoul_admd_1114065000,신당제5동,신당제5동|신당5동,중구,신당제5동,37.5623305555555,127.023966666666,61,127,kma_admin_dong_grid_20260325,2806,1114065000
seoul_admd_1114066500,동화동,동화동,중구,동화동,37.5572277777777,127.021541666666,61,127,kma_admin_dong_grid_20260325,3357,1114066500
seoul_admd_1114067000,황학동,황학동,중구,황학동,37.5646638888888,127.023497222222,61,127,kma_admin_dong_grid_20260325,2671,1114067000
seoul_admd_1114068000,중림동,중림동,중구,중림동,37.5520333333333,126.9666,60,126,kma_admin_dong_grid_20260325,2811,1114068000
seoul_admd_1117051000,후암동,후암동,용산구,후암동,37.5458805555555,126.980266666666,60,126,kma_admin_dong_grid_20260325,1537,1117051000
seoul_admd_1117052000,용산2가동,용산2가동,용산구,용산2가동,37.5431194444444,126.987563888888,60,126,kma_admin_dong_grid_20260325,1045,1117052000
seoul_admd_1117053000,남영동,남영동,용산구,남영동,37.5428333333333,126.976966666666,60,126,kma_admin_dong_grid_20260325,1441,1117053000
seoul_admd_1117055500,청파동,청파동,용산구,청파동,37.5425555555555,126.972041666666,60,126,kma_admin_dong_grid_20260325,1760,1117055500
seoul_admd_1117056000,원효로제1동,원효로제1동|원효로1동,용산구,원효로제1동,37.5358694444444,126.968341666666,60,126,kma_admin_dong_grid_20260325,1805,1117056000
seoul_admd_1117057000,원효로제2동,원효로제2동|원효로2동,용산구,원효로제2동,37.5315916666666,126.953577777777,59,126,kma_admin_dong_grid_20260325,2059,1117057000
seoul_admd_1117058000,효창동,효창동,용산구,효창동,37.5389527777777,126.963397222222,60,126,kma_admin_dong_grid_20260325,2299,1117058000
seoul_admd_1117059000,용문동,용문동,용산구,용문동,37.5362499999999,126.959663888888,60,126,kma_admin_dong_grid_20260325,2569,1117059000
seoul_admd_1117062500,한강로동,한강로동|용산|용산역,용산구,한강로동,37.5262416666666,126.971533333333,60,126,kma_admin_dong_grid_20260325,1724,1117062500
seoul_admd_1117063000,이촌제1동,이촌제1동|이촌1동,용산구,이촌제1동,37.5184027777777,126.975355555555,60,126,kma_admin_dong_grid_20260325,2070,1117063000
seoul_admd_1117064000,이촌제2동,이촌제2동|이촌2동,용산구,이촌제2동,37.5240305555555,126.956330555555,59,126,kma_admin_dong_grid_20260325,2550,1117064000
seoul_admd_1117065000,이태원제1동,이태원제1동|이태원1동|이태원|이태원역,용산구,이태원제1동,37.5294916666666,126.997041666666,60,126,kma_admin_dong_grid_20260325,880,1117065000
seoul_admd_1117066000,이태원제2동,이태원제2동|이태원2동,용산구,이태원제2동,37.5379722222222,126.991844444444,60,126,kma_admin_dong_grid_20260325,548,1117066000
seoul_admd_1117068500,한남동,한남동,용산구,한남동,37.5318861111111,127.002644444444,60,126,kma_admin_dong_grid_20260325,1253,1117068500
seoul_admd_1117069000,서빙고동,서빙고동,용산구,서빙고동,37.5176055555555,126.996777777777,60,126,kma_admin_dong_grid_20260325,1934,1117069000
seoul_admd_1117070000,보광동,보광동,용산구,보광동,37.5234638888888,127.002333333333,60,126,kma_admin_dong_grid_20260325,1664,1117070000
seoul_admd_1120052000,왕십리제2동,왕십리제2동|왕십리2동,성동구,왕십리제2동,37.5583361111111,127.032711111111,61,127,kma_admin_dong_grid_20260325,2671,1120052000
seoul_admd_1120053500,왕십리도선동,왕십리도선동,성동구,왕십리도선동,37.5677544,127.0255591,61,127,kma_admin_dong_grid_20260325,2323,1120053500
seoul_admd_1120054000,마장동,마장동,성동구,마장동,37.5634333333333,127.047563888888,61,127,kma_admin_dong_grid_20260325,1763,1120054000
seoul_admd_1120055000,사근동,사근동,성동구,사근동,37.5584055555555,127.047955555555,61,127,kma_admin_dong_grid_20260325,2322,1120055000
seoul_admd_1120056000,행당제1동,행당제1동|행당1동,성동구,행당제1동,37.5553527777777,127.038077777777,61,126,kma_admin_dong_grid_20260325,2583,1120056000
seoul_admd_1120057000,행당제2동,행당제2동|행당2동,성동구,행당제2동,37.555575,127.031533333333,61,126,kma_admin_dong_grid_20260325,2831,1120057000
seoul_admd_1120058000,응봉동,응봉동,성동구,응봉동,37.5503472222222,127.035497222222,61,126,kma_admin_dong_grid_20260325,2154,1120058000
seoul_admd_1120059000,금호1가동,금호1가동,성동구,금호1가동,37.5520694444444,127.023944444444,61,126,kma_admin_dong_grid_20260325,2910,1120059000
seoul_admd_1120061500,금호2.3가동,금호2.3가동,성동구,금호2.3가동,37.553188,127.020859,61,126,kma_admin_dong_grid_20260325,3190,1120061500
seoul_admd_1120062000,금호4가동,금호4가동,성동구,금호4가동,37.5444722222222,127.024475,61,126,kma_admin_dong_grid_20260325,2334,1120062000
seoul_admd_1120064500,옥수동,옥수동,성동구,옥수동,37.543717,127.013463,60,126,kma_admin_dong_grid_20260325,2453,1120064500
seoul_admd_1120065000,성수1가제1동,성수1가제1동|성수1가1동,성동구,성수1가제1동,37.5389583333333,127.051986111111,61,126,kma_admin_dong_grid_20260325,790,1120065000
seoul_admd_1120066000,성수1가제2동,성수1가제2동|성수1가2동|성수|성수동|서울숲,성동구,성수1가제2동,37.5435277777777,127.046363888888,61,126,kma_admin_dong_grid_20260325,1152,1120066000
seoul_admd_1120067000,성수2가제1동,성수2가제1동|성수2가1동,성동구,성수2가제1동,37.5367027777777,127.0562,61,126,kma_admin_dong_grid_20260325,919,1120067000
seoul_admd_1120069000,성수2가제3동,성수2가제3동|성수2가3동,성동구,성수2가제3동,37.5454305555555,127.057333333333,61,126,kma_admin_dong_grid_20260325,1650,1120069000
seoul_admd_1120072000,송정동,송정동,성동구,송정동,37.5517277777777,127.071708333333,61,126,kma_admin_dong_grid_20260325,3015,1120072000
seoul_admd_1120079000,용답동,용답동,성동구,용답동,37.5613666666666,127.057433333333,61,127,kma_admin_dong_grid_20260325,2175,1120079000
seoul_admd_1121571000,화양동,화양동|건대|건대입구|건대입구역,광진구,화양동,37.5437861111111,127.073463888888,61,126,kma_admin_dong_grid_20260325,2632,1121571000
seoul_admd_1121573000,군자동,군자동,광진구,군자동,37.5523527777777,127.077997222222,62,126,kma_admin_dong_grid_20260325,3238,1121573000
seoul_admd_1121574000,중곡제1동,중곡제1동|중곡1동,광진구,중곡제1동,37.5578416666666,127.082163888888,62,127,kma_admin_dong_grid_20260325,3111,1121574000
seoul_admd_1121575000,중곡제2동,중곡제2동|중곡2동,광진구,중곡제2동,37.557475,127.083544444444,62,127,kma_admin_dong_grid_20260325,3062,1121575000
seoul_admd_1121576000,중곡제3동,중곡제3동|중곡3동,광진구,중곡제3동,37.5659166666666,127.082252777777,62,127,kma_admin_dong_grid_20260325,2508,1121576000
seoul_admd_1121577000,중곡제4동,중곡제4동|중곡4동,광진구,중곡제4동,37.5625111111111,127.089352777777,62,127,kma_admin_dong_grid_20260325,2304,1121577000
seoul_admd_1121578000,능동,능동,광진구,능동,37.5510277777777,127.082644444444,62,126,kma_admin_dong_grid_20260325,2843,1121578000
seoul_admd_1121581000,광장동,광장동,광진구,광장동,37.5442138888888,127.105308333333,62,126,kma_admin_dong_grid_20260325,1297,1121581000
seoul_admd_1121582000,자양제1동,자양제1동|자양1동,광진구,자양제1동,37.5316861111111,127.084419444444,62,126,kma_admin_dong_grid_20260325,1811,1121582000
seoul_admd_1121583000,자양제2동,자양제2동|자양2동,광진구,자양제2동,37.5259999999999,127.086599999999,62,126,kma_admin_dong_grid_20260325,1773,1121583000
seoul_admd_1121584000,자양제3동,자양제3동|자양3동,광진구,자양제3동,37.5310333333333,127.075030555555,61,126,kma_admin_dong_grid_20260325,2502,1121584000
seoul_admd_1121584700,자양제4동,자양제4동|자양4동,광진구,자양제4동,37.5374861111111,127.067252777777,61,126,kma_admin_dong_grid_20260325,1868,1121584700
seoul_admd_1121585000,구의제1동,구의제1동|구의1동,광진구,구의제1동,37.5396749999999,127.087866666666,62,126,kma_admin_dong_grid_20260325,1700,1121585000
seoul_admd_1121586000,구의제2동,구의제2동|구의2동,광진구,구의제2동,37.5444388888888,127.092108333333,62,126,kma_admin_dong_grid_20260325,1739,1121586000
seoul_admd_1121587000,구의제3동,구의제3동|구의3동,광진구,구의제3동,37.5361388888888,127.099688888888,62,126,kma_admin_dong_grid_20260325,610,1121587000
seoul_admd_1123051500,신설동,신설동,동대문구,신설동,37.573965968076863,127.0257363329322,61,127,kma_admin_dong_grid_20260325,2011,1123051500
seoul_admd_1123053300,용두동,용두동,동대문구,용두동,37.575803179010208,127.0372469975724,61,127,kma_admin_dong_grid_20260325,986,1123053300
seoul_admd_1123054500,제기동,제기동,동대문구,제기동,37.5830767,127.0377843,61,127,kma_admin_dong_grid_20260325,958,1123054500
seoul_admd_1123056000,전농제1동,전농제1동|전농1동,동대문구,전농제1동,37.5752111111111,127.049866666666,61,127,kma_admin_dong_grid_20260325,497,1123056000
seoul_admd_1123057000,전농제2동,전농제2동|전농2동,동대문구,전농제2동,37.5817027777777,127.053863888888,61,127,kma_admin_dong_grid_20260325,619,1123057000
seoul_admd_1123060000,답십리제1동,답십리제1동|답십리1동,동대문구,답십리제1동,37.569275,127.054222222222,61,127,kma_admin_dong_grid_20260325,1259,1123060000
seoul_admd_1123061000,답십리제2동,답십리제2동|답십리2동,동대문구,답십리제2동,37.5691527777777,127.061574999999,61,127,kma_admin_dong_grid_20260325,1673,1123061000
seoul_admd_1123065000,장안제1동,장안제1동|장안1동,동대문구,장안제1동,37.5649861111111,127.068477777777,61,127,kma_admin_dong_grid_20260325,2436,1123065000
seoul_admd_1123066000,장안제2동,장안제2동|장안2동,동대문구,장안제2동,37.5684083333333,127.075308333333,61,127,kma_admin_dong_grid_20260325,2729,1123066000
seoul_admd_1123070500,청량리동,청량리동,동대문구,청량리동,37.5862586,127.0472767,61,127,kma_admin_dong_grid_20260325,776,1123070500
seoul_admd_1123071000,회기동,회기동,동대문구,회기동,37.5880083333333,127.057488888888,61,127,kma_admin_dong_grid_20260325,1307,1123071000
seoul_admd_1123072000,휘경제1동,휘경제1동|휘경1동,동대문구,휘경제1동,37.5901583333333,127.067819444444,61,127,kma_admin_dong_grid_20260325,2157,1123072000
seoul_admd_1123073000,휘경제2동,휘경제2동|휘경2동,동대문구,휘경제2동,37.5884944444444,127.069655555555,61,127,kma_admin_dong_grid_20260325,2201,1123073000
seoul_admd_1123074000,이문제1동,이문제1동|이문1동,동대문구,이문제1동,37.595,127.067630555555,61,127,kma_admin_dong_grid_20260325,2487,1123074000
seoul_admd_1123075000,이문제2동,이문제2동|이문2동,동대문구,이문제2동,37.5917305555555,127.058619444444,61,127,kma_admin_dong_grid_20260325,1693,1123075000
seoul_admd_1126052000,면목제2동,면목제2동|면목2동,중랑구,면목제2동,37.5869833333333,127.081133333333,62,127,kma_admin_dong_grid_20260325,2357,1126052000
seoul_admd_1126054000,면목제4동,면목제4동|면목4동,중랑구,면목제4동,37.5718166666666,127.087622222222,62,127,kma_admin_dong_grid_20260325,1768,1126054000
seoul_admd_1126055000,면목제5동,면목제5동|면목5동,중랑구,면목제5동,37.5830472222222,127.081722222222,62,127,kma_admin_dong_grid_20260325,2171,1126055000
seoul_admd_1126056500,면목본동,면목본동,중랑구,면목본동,37.5845611111111,127.089677777777,62,127,kma_admin_dong_grid_20260325,1559,1126056500
seoul_admd_1126057000,면목제7동,면목제7동|면목7동,중랑구,면목제7동,37.5762,127.089086111111,62,127,kma_admin_dong_grid_20260325,1492,1126057000
seoul_admd_1126057500,면목제3.8동,면목제3.8동|면목3.8동,중랑구,면목제3.8동,37.5802361111111,127.090219444444,62,127,kma_admin_dong_grid_20260325,1378,1126057500
seoul_admd_1126058000,상봉제1동,상봉제1동|상봉1동,중랑구,상봉제1동,37.5970277777777,127.089288888888,62,127,kma_admin_dong_grid_20260325,2504,1126058000
seoul_admd_1126059000,상봉제2동,상봉제2동|상봉2동,중랑구,상봉제2동,37.5896111111111,127.085388888888,62,127,kma_admin_dong_grid_20260325,2167,1126059000
seoul_admd_1126060000,중화제1동,중화제1동|중화1동,중랑구,중화제1동,37.5983861111111,127.082777777777,62,127,kma_admin_dong_grid_20260325,2983,1126060000
seoul_admd_1126061000,중화제2동,중화제2동|중화2동,중랑구,중화제2동,37.5922166666666,127.077022222222,62,127,kma_admin_dong_grid_20260325,2945,1126061000
seoul_admd_1126062000,묵제1동,묵제1동|묵1동,중랑구,묵제1동,37.6096222222222,127.080586111111,62,128,kma_admin_dong_grid_20260325,2840,1126062000
seoul_admd_1126063000,묵제2동,묵제2동|묵2동,중랑구,묵제2동,37.6067972222222,127.078144444444,62,128,kma_admin_dong_grid_20260325,3202,1126063000
seoul_admd_1126065500,망우본동,망우본동,중랑구,망우본동,37.5986916666666,127.108463888888,62,127,kma_admin_dong_grid_20260325,2240,1126065500
seoul_admd_1126066000,망우제3동,망우제3동|망우3동,중랑구,망우제3동,37.5895777777777,127.100266666666,62,127,kma_admin_dong_grid_20260325,1306,1126066000
seoul_admd_1126068000,신내1동,신내1동,중랑구,신내1동,37.6030833333333,127.101552777777,62,128,kma_admin_dong_grid_20260325,2452,1126068000
seoul_admd_1126069000,신내2동,신내2동,중랑구,신내2동,37.6034305555555,127.096274999999,62,128,kma_admin_dong_grid_20260325,2540,1126069000
seoul_admd_1129052500,성북동,성북동,성북구,성북동,37.5874416666666,127.006086111111,60,127,kma_admin_dong_grid_20260325,1698,1129052500
seoul_admd_1129055500,삼선동,삼선동,성북구,삼선동,37.5828472222222,127.009555555555,60,127,kma_admin_dong_grid_20260325,1811,1129055500
seoul_admd_1129057500,동선동,동선동,성북구,동선동,37.5912777777777,127.022508333333,61,127,kma_admin_dong_grid_20260325,2578,1129057500
seoul_admd_1129058000,돈암제1동,돈암제1동|돈암1동,성북구,돈암제1동,37.6005083333333,127.028288888888,61,127,kma_admin_dong_grid_20260325,2906,1129058000
seoul_admd_1129059000,돈암제2동,돈암제2동|돈암2동,성북구,돈암제2동,37.5952555555555,127.012711111111,60,127,kma_admin_dong_grid_20260325,2676,1129059000
seoul_admd_1129060000,안암동,안암동,성북구,안암동,37.5830583333333,127.023477777777,61,127,kma_admin_dong_grid_20260325,2162,1129060000
seoul_admd_1129061000,보문동,보문동,성북구,보문동,37.5775888888888,127.0249,61,127,kma_admin_dong_grid_20260325,2004,1129061000
seoul_admd_1129062000,정릉제1동,정릉제1동|정릉1동,성북구,정릉제1동,37.5986416666666,127.018741666666,60,127,kma_admin_dong_grid_20260325,3326,1129062000
seoul_admd_1129063000,정릉제2동,정릉제2동|정릉2동,성북구,정릉제2동,37.6016666666666,127.013241666666,60,127,kma_admin_dong_grid_20260325,3210,1129063000
seoul_admd_1129064000,정릉제3동,정릉제3동|정릉3동,성북구,정릉제3동,37.6061666666666,127.006288888888,60,128,kma_admin_dong_grid_20260325,2627,1129064000
seoul_admd_1129065000,정릉제4동,정릉제4동|정릉4동,성북구,정릉제4동,37.6107861111111,127.008208333333,60,128,kma_admin_dong_grid_20260325,2326,1129065000
seoul_admd_1129066000,길음제1동,길음제1동|길음1동,성북구,길음제1동,37.6017833333333,127.024166666666,61,127,kma_admin_dong_grid_20260325,3241,1129066000
seoul_admd_1129068500,길음제2동,길음제2동|길음2동,성북구,길음제2동,37.60385,127.0294,61,128,kma_admin_dong_grid_20260325,2918,1129068500
seoul_admd_1129070500,종암동,종암동,성북구,종암동,37.5973305555555,127.033552777777,61,127,kma_admin_dong_grid_20260325,2355,1129070500
seoul_admd_1129071500,월곡제1동,월곡제1동|월곡1동,성북구,월곡제1동,37.6042027777777,127.036141666666,61,128,kma_admin_dong_grid_20260325,2589,1129071500
seoul_admd_1129072500,월곡제2동,월곡제2동|월곡2동,성북구,월곡제2동,37.5999416666666,127.041688888888,61,127,kma_admin_dong_grid_20260325,2354,1129072500
seoul_admd_1129076000,장위제1동,장위제1동|장위1동,성북구,장위제1동,37.6111916666666,127.045855555555,61,128,kma_admin_dong_grid_20260325,1595,1129076000
seoul_admd_1129077000,장위제2동,장위제2동|장위2동,성북구,장위제2동,37.6096638888888,127.056708333333,61,128,kma_admin_dong_grid_20260325,1900,1129077000
seoul_admd_1129078000,장위제3동,장위제3동|장위3동,성북구,장위제3동,37.6137722222222,127.058722222222,61,128,kma_admin_dong_grid_20260325,1586,1129078000
seoul_admd_1129081000,석관동,석관동,성북구,석관동,37.6101611111111,127.063519444444,61,128,kma_admin_dong_grid_20260325,2161,1129081000
seoul_admd_1130553400,삼양동,삼양동,강북구,삼양동,37.6244833333333,127.020511111111,61,128,kma_admin_dong_grid_20260325,2450,1130553400
seoul_admd_1130553500,미아동,미아동,강북구,미아동,37.6241361111111,127.029019444444,61,128,kma_admin_dong_grid_20260325,1704,1130553500
seoul_admd_1130554500,송중동,송중동,강북구,송중동,37.6133611111111,127.035833333333,61,128,kma_admin_dong_grid_20260325,1732,1130554500
seoul_admd_1130555500,송천동,송천동,강북구,송천동,37.6155166666666,127.025955555555,61,128,kma_admin_dong_grid_20260325,2255,1130555500
seoul_admd_1130557500,삼각산동,삼각산동,강북구,삼각산동,37.6144305555555,127.019852777777,61,128,kma_admin_dong_grid_20260325,2787,1130557500
seoul_admd_1130559500,번1동,번1동,강북구,번1동,37.6351583333333,127.031019444444,61,128,kma_admin_dong_grid_20260325,1869,1130559500
seoul_admd_1130560300,번2동,번2동,강북구,번2동,37.6293861111111,127.040944444444,61,128,kma_admin_dong_grid_20260325,785,1130560300
seoul_admd_1130560800,번3동,번3동,강북구,번3동,37.6230944444444,127.048688888888,61,128,kma_admin_dong_grid_20260325,259,1130560800
seoul_admd_1130561500,수유1동,수유1동,강북구,수유1동,37.6307333333333,127.019297222222,60,128,kma_admin_dong_grid_20260325,2627,1130561500
seoul_admd_1130562500,수유2동,수유2동,강북구,수유2동,37.6418805555555,127.022041666666,61,128,kma_admin_dong_grid_20260325,2951,1130562500
seoul_admd_1130563500,수유3동,수유3동,강북구,수유3동,37.6359722222222,127.025319444444,61,128,kma_admin_dong_grid_20260325,2341,1130563500
seoul_admd_1130564500,우이동,우이동,강북구,우이동,37.6451944444444,127.014066666666,60,128,kma_admin_dong_grid_20260325,3004,1130564500
seoul_admd_1130566000,인수동,인수동,강북구,인수동,37.6387333333333,127.012766666666,60,128,kma_admin_dong_grid_20260325,2450,1130566000
seoul_admd_1132051100,창제1동,창제1동|창1동,도봉구,창제1동,37.6456472222222,127.045997222222,61,128,kma_admin_dong_grid_20260325,2260,1132051100
seoul_admd_1132051200,창제2동,창제2동|창2동,도봉구,창제2동,37.6387277777777,127.037766666666,61,128,kma_admin_dong_grid_20260325,1748,1132051200
seoul_admd_1132051300,창제3동,창제3동|창3동,도봉구,창제3동,37.6352694444444,127.045008333333,61,128,kma_admin_dong_grid_20260325,1135,1132051300
seoul_admd_1132051400,창제4동,창제4동|창4동,도봉구,창제4동,37.6493972222222,127.053666666666,61,129,kma_admin_dong_grid_20260325,2494,1132051400
seoul_admd_1132051500,창제5동,창제5동|창5동,도봉구,창제5동,37.6492138888888,127.041297222222,61,129,kma_admin_dong_grid_20260325,2574,1132051500
seoul_admd_1132052100,도봉제1동,도봉제1동|도봉1동,도봉구,도봉제1동,37.6758194444444,127.045511111111,61,129,kma_admin_dong_grid_20260325,571,1132052100
seoul_admd_1132052200,도봉제2동,도봉제2동|도봉2동,도봉구,도봉제2동,37.6669999999999,127.048708333333,61,129,kma_admin_dong_grid_20260325,504,1132052200
seoul_admd_1132066000,쌍문제1동,쌍문제1동|쌍문1동,도봉구,쌍문제1동,37.6452472222222,127.028177777777,61,128,kma_admin_dong_grid_20260325,2830,1132066000
seoul_admd_1132067000,쌍문제2동,쌍문제2동|쌍문2동,도봉구,쌍문제2동,37.6550805555555,127.040911111111,61,129,kma_admin_dong_grid_20260325,1965,1132067000
seoul_admd_1132068000,쌍문제3동,쌍문제3동|쌍문3동,도봉구,쌍문제3동,37.6461944444444,127.030088888888,61,128,kma_admin_dong_grid_20260325,2814,1132068000
seoul_admd_1132068100,쌍문제4동,쌍문제4동|쌍문4동,도봉구,쌍문제4동,37.653625,127.030544444444,61,129,kma_admin_dong_grid_20260325,2573,1132068100
seoul_admd_1132069000,방학제1동,방학제1동|방학1동,도봉구,방학제1동,37.6614333333333,127.042766666666,61,129,kma_admin_dong_grid_20260325,1252,1132069000
seoul_admd_1132070000,방학제2동,방학제2동|방학2동,도봉구,방학제2동,37.6654361111111,127.037222222222,61,129,kma_admin_dong_grid_20260325,1243,1132070000
seoul_admd_1132071000,방학제3동,방학제3동|방학3동,도봉구,방학제3동,37.6562277777777,127.030077777777,61,129,kma_admin_dong_grid_20260325,2385,1132071000
seoul_admd_1135056000,월계1동,월계1동,노원구,월계1동,37.6173194444444,127.065088888888,61,128,kma_admin_dong_grid_20260325,1730,1135056000
seoul_admd_1135057000,월계2동,월계2동,노원구,월계2동,37.6297611111111,127.052997222222,61,128,kma_admin_dong_grid_20260325,637,1135057000
seoul_admd_1135058000,월계3동,월계3동,노원구,월계3동,37.6182055555555,127.071330555555,61,128,kma_admin_dong_grid_20260325,2180,1135058000
seoul_admd_1135059500,공릉1동,공릉1동,노원구,공릉1동,37.62472748,127.0737518,61,128,kma_admin_dong_grid_20260325,2242,1135059500
seoul_admd_1135060000,공릉2동,공릉2동,노원구,공릉2동,37.6185694444444,127.085441666666,62,128,kma_admin_dong_grid_20260325,1982,1135060000
seoul_admd_1135061100,하계1동,하계1동,노원구,하계1동,37.6377833333333,127.074730555555,61,128,kma_admin_dong_grid_20260325,2704,1135061100
seoul_admd_1135061200,하계2동,하계2동,노원구,하계2동,37.62925,127.070111111111,61,128,kma_admin_dong_grid_20260325,1967,1135061200
seoul_admd_1135061900,중계본동,중계본동,노원구,중계본동,37.6450722222222,127.082455555555,62,128,kma_admin_dong_grid_20260325,3096,1135061900
seoul_admd_1135062100,중계1동,중계1동,노원구,중계1동,37.6497861111111,127.079663888888,62,129,kma_admin_dong_grid_20260325,3384,1135062100
seoul_admd_1135062400,중계4동,중계4동,노원구,중계4동,37.6559666666666,127.080088888888,62,129,kma_admin_dong_grid_20260325,2918,1135062400
seoul_admd_1135062500,중계2.3동,중계2.3동,노원구,중계2.3동,37.6421829,127.0687126,61,128,kma_admin_dong_grid_20260325,2591,1135062500
seoul_admd_1135063000,상계1동,상계1동,노원구,상계1동,37.6771027777777,127.057211111111,61,129,kma_admin_dong_grid_20260325,948,1135063000
seoul_admd_1135064000,상계2동,상계2동,노원구,상계2동,37.655975,127.070708333333,61,129,kma_admin_dong_grid_20260325,2573,1135064000
seoul_admd_1135066500,상계3.4동,상계3.4동,노원구,상계3.4동,37.661,127.077466666666,61,129,kma_admin_dong_grid_20260325,2760,1135066500
seoul_admd_1135067000,상계5동,상계5동,노원구,상계5동,37.6602194444444,127.071486111111,61,129,kma_admin_dong_grid_20260325,2340,1135067000
seoul_admd_1135069500,상계6.7동,상계6.7동,노원구,상계6.7동,37.6520888888888,127.069066666666,61,129,kma_admin_dong_grid_20260325,2788,1135069500
seoul_admd_1135070000,상계8동,상계8동,노원구,상계8동,37.6639444444444,127.053666666666,61,129,kma_admin_dong_grid_20260325,935,1135070000
seoul_admd_1135071000,상계9동,상계9동,노원구,상계9동,37.6617111111111,127.065955555555,61,129,kma_admin_dong_grid_20260325,1844,1135071000
seoul_admd_1135072000,상계10동,상계10동,노원구,상계10동,37.6584333333333,127.062366666666,61,129,kma_admin_dong_grid_20260325,1868,1135072000
seoul_admd_1138051000,녹번동,녹번동,은평구,녹번동,37.5999611111111,126.936844444444,59,127,kma_admin_dong_grid_20260325,2229,1138051000
seoul_admd_1138052000,불광제1동,불광제1동|불광1동,은평구,불광제1동,37.6075361111111,126.934188888888,59,128,kma_admin_dong_grid_20260325,2124,1138052000
seoul_admd_1138053000,불광제2동,불광제2동|불광2동,은평구,불광제2동,37.6187944444444,126.929819444444,59,128,kma_admin_dong_grid_20260325,880,1138053000
seoul_admd_1138055100,갈현제1동,갈현제1동|갈현1동,은평구,갈현제1동,37.6208972222222,126.918788888888,59,128,kma_admin_dong_grid_20260325,1310,1138055100
seoul_admd_1138055200,갈현제2동,갈현제2동|갈현2동,은평구,갈현제2동,37.6157666666666,126.917888888888,59,128,kma_admin_dong_grid_20260325,1716,1138055200
seoul_admd_1138056000,구산동,구산동,은평구,구산동,37.6090194444444,126.9125,59,128,kma_admin_dong_grid_20260325,2588,1138056000
seoul_admd_1138057000,대조동,대조동,은평구,대조동,37.6113388888888,126.922888888888,59,128,kma_admin_dong_grid_20260325,1865,1138057000
seoul_admd_1138058000,응암제1동,응암제1동|응암1동,은평구,응암제1동,37.5979111111111,126.928863888888,59,127,kma_admin_dong_grid_20260325,1955,1138058000
seoul_admd_1138059000,응암제2동,응암제2동|응암2동,은평구,응암제2동,37.5918166666666,126.925130555555,59,127,kma_admin_dong_grid_20260325,1374,1138059000
seoul_admd_1138060000,응암제3동,응암제3동|응암3동,은평구,응암제3동,37.5893861111111,126.917841666666,59,127,kma_admin_dong_grid_20260325,1540,1138060000
seoul_admd_1138062500,역촌동,역촌동,은평구,역촌동,37.6016194444444,126.917277777777,59,127,kma_admin_dong_grid_20260325,2655,1138062500
seoul_admd_1138063100,신사제1동,신사제1동|신사1동,은평구,신사제1동,37.5952194444444,126.914386111111,59,127,kma_admin_dong_grid_20260325,2212,1138063100
seoul_admd_1138063200,신사제2동,신사제2동|신사2동,은평구,신사제2동,37.5893333333333,126.914833333333,59,127,kma_admin_dong_grid_20260325,1747,1138063200
seoul_admd_1138064000,증산동,증산동,은평구,증산동,37.5815305555555,126.909222222222,59,127,kma_admin_dong_grid_20260325,1937,1138064000
seoul_admd_1138065000,수색동,수색동,은평구,수색동,37.5813583333333,126.899641666666,58,127,kma_admin_dong_grid_20260325,2351,1138065000
seoul_admd_1138069000,진관동,진관동,은평구,진관동,37.6356,126.921111111111,59,128,kma_admin_dong_grid_20260325,1381,1138069000
seoul_admd_1141052000,천연동,천연동,서대문구,천연동,37.5683027777777,126.961175,60,127,kma_admin_dong_grid_20260325,2797,1141052000
seoul_admd_1141055500,북아현동,북아현동,서대문구,북아현동,37.5568694444444,126.958911111111,59,126,kma_admin_dong_grid_20260325,3546,1141055500
seoul_admd_1141056500,충현동,충현동,서대문구,충현동,37.5620611111111,126.956844444444,59,127,kma_admin_dong_grid_20260325,3048,1141056500
seoul_admd_1141058500,신촌동,신촌동|신촌|신촌역,서대문구,신촌동,37.5567388888888,126.945586111111,59,126,kma_admin_dong_grid_20260325,2827,1141058500
seoul_admd_1141061500,연희동,연희동,서대문구,연희동,37.5711222222222,126.937352777777,59,127,kma_admin_dong_grid_20260325,1169,1141061500
seoul_admd_1141062000,홍제제1동,홍제제1동|홍제1동,서대문구,홍제제1동,37.5849,126.946986111111,59,127,kma_admin_dong_grid_20260325,1481,1141062000
seoul_admd_1141064000,홍제제3동,홍제제3동|홍제3동,서대문구,홍제제3동,37.5924444444444,126.951166666666,59,127,kma_admin_dong_grid_20260325,2212,1141064000
seoul_admd_1141065500,홍제제2동,홍제제2동|홍제2동,서대문구,홍제제2동,37.5833388888888,126.951466666666,59,127,kma_admin_dong_grid_20260325,1818,1141065500
seoul_admd_1141066000,홍은제1동,홍은제1동|홍은1동,서대문구,홍은제1동,37.5904305555555,126.945955555555,59,127,kma_admin_dong_grid_20260325,1714,1141066000
seoul_admd_1141068500,홍은제2동,홍은제2동|홍은2동,서대문구,홍은제2동,37.5801583333333,126.938486111111,59,127,kma_admin_dong_grid_20260325,646,1141068500
seoul_admd_1141069000,남가좌제1동,남가좌제1동|남가좌1동,서대문구,남가좌제1동,37.5711944444444,126.915577777777,59,127,kma_admin_dong_grid_20260325,1714,1141069000
seoul_admd_1141070000,남가좌제2동,남가좌제2동|남가좌2동,서대문구,남가좌제2동,37.5756277777777,126.925911111111,59,127,kma_admin_dong_grid_20260325,706,1141070000
seoul_admd_1141071000,북가좌제1동,북가좌제1동|북가좌1동,서대문구,북가좌제1동,37.5767111111111,126.908977777777,59,127,kma_admin_dong_grid_20260325,1998,1141071000
seoul_admd_1141072000,북가좌제2동,북가좌제2동|북가좌2동,서대문구,북가좌제2동,37.5786027777777,126.913219444444,59,127,kma_admin_dong_grid_20260325,1594,1141072000
seoul_admd_1144055500,아현동,아현동,마포구,아현동,37.5443444444444,126.954222222222,59,126,kma_admin_dong_grid_20260325,2372,1144055500
seoul_admd_1144056500,공덕동,공덕동,마포구,공덕동,37.5474416666666,126.962088888888,60,126,kma_admin_dong_grid_20260325,2792,1144056500
seoul_admd_1144058500,도화동,도화동,마포구,도화동,37.5349,126.952130555555,59,126,kma_admin_dong_grid_20260325,1910,1144058500
seoul_admd_1144059000,용강동,용강동,마포구,용강동,37.5392472222222,126.943733333333,59,126,kma_admin_dong_grid_20260325,1291,1144059000
seoul_admd_1144060000,대흥동,대흥동,마포구,대흥동,37.55305,126.944811111111,59,126,kma_admin_dong_grid_20260325,2437,1144060000
seoul_admd_1144061000,염리동,염리동,마포구,염리동,37.5443861111111,126.947719444444,59,126,kma_admin_dong_grid_20260325,1888,1144061000
seoul_admd_1144063000,신수동,신수동,마포구,신수동,37.5440666666666,126.936641666666,59,126,kma_admin_dong_grid_20260325,1213,1144063000
seoul_admd_1144065500,서강동,서강동,마포구,서강동,37.5444472222222,126.934155555555,59,126,kma_admin_dong_grid_20260325,1173,1144065500
seoul_admd_1144066000,서교동,서교동|홍대|홍대입구|홍대입구역,마포구,서교동,37.5496555555555,126.922975,59,126,kma_admin_dong_grid_20260325,1830,1144066000
seoul_admd_1144068000,합정동,합정동,마포구,합정동,37.5467222222222,126.907752777777,59,126,kma_admin_dong_grid_20260325,2434,1144068000
seoul_admd_1144069000,망원제1동,망원제1동|망원1동,마포구,망원제1동,37.5524333333333,126.907766666666,59,126,kma_admin_dong_grid_20260325,2841,1144069000
seoul_admd_1144070000,망원제2동,망원제2동|망원2동,마포구,망원제2동,37.5575638888888,126.904311111111,59,126,kma_admin_dong_grid_20260325,3466,1144070000
seoul_admd_1144071000,연남동,연남동,마포구,연남동,37.5616944444444,126.924066666666,59,127,kma_admin_dong_grid_20260325,2174,1144071000
seoul_admd_1144072000,성산제1동,성산제1동|성산1동,마포구,성산제1동,37.5605833333333,126.910022222222,59,127,kma_admin_dong_grid_20260325,2888,1144072000
seoul_admd_1144073000,성산제2동,성산제2동|성산2동,마포구,성산제2동,37.5659305555555,126.911152777777,59,127,kma_admin_dong_grid_20260325,2389,1144073000
seoul_admd_1144074000,상암동,상암동,마포구,상암동,37.5755138888888,126.896811111111,58,127,kma_admin_dong_grid_20260325,2186,1144074000
seoul_admd_1147051000,목1동,목1동,양천구,목1동,37.5275388888888,126.873233333333,58,126,kma_admin_dong_grid_20260325,814,1147051000
seoul_admd_1147052000,목2동,목2동,양천구,목2동,37.5433527777777,126.873808333333,58,126,kma_admin_dong_grid_20260325,957,1147052000
seoul_admd_1147053000,목3동,목3동,양천구,목3동,37.5420972222222,126.866599999999,58,126,kma_admin_dong_grid_20260325,953,1147053000
seoul_admd_1147054000,목4동,목4동,양천구,목4동,37.5295333333333,126.870497222222,58,126,kma_admin_dong_grid_20260325,611,1147054000
seoul_admd_1147055000,목5동,목5동,양천구,목5동,37.5324166666666,126.880752777777,58,126,kma_admin_dong_grid_20260325,789,1147055000
seoul_admd_1147056000,신월1동,신월1동,양천구,신월1동,37.5300055555555,126.833599999999,57,126,kma_admin_dong_grid_20260325,1811,1147056000
seoul_admd_1147057000,신월2동,신월2동,양천구,신월2동,37.5221722222222,126.846586111111,58,126,kma_admin_dong_grid_20260325,2671,1147057000
seoul_admd_1147058000,신월3동,신월3동,양천구,신월3동,37.5308472222222,126.831175,57,126,kma_admin_dong_grid_20260325,1579,1147058000
seoul_admd_1147059000,신월4동,신월4동,양천구,신월4동,37.5219055555555,126.842155555555,57,126,kma_admin_dong_grid_20260325,2882,1147059000
seoul_admd_1147060000,신월5동,신월5동,양천구,신월5동,37.5368888888888,126.829444444444,57,126,kma_admin_dong_grid_20260325,1357,1147060000
seoul_admd_1147061000,신월6동,신월6동,양천구,신월6동,37.5133027777777,126.845766666666,58,126,kma_admin_dong_grid_20260325,3349,1147061000
seoul_admd_1147061100,신월7동,신월7동,양천구,신월7동,37.5190916666666,126.836763888888,57,126,kma_admin_dong_grid_20260325,2687,1147061100
seoul_admd_1147062000,신정1동,신정1동,양천구,신정1동,37.5157305555555,126.856397222222,58,126,kma_admin_dong_grid_20260325,2547,1147062000
seoul_admd_1147063000,신정2동,신정2동,양천구,신정2동,37.5164083333333,126.872697222222,58,126,kma_admin_dong_grid_20260325,2048,1147063000
seoul_admd_1147064000,신정3동,신정3동,양천구,신정3동,37.5123361111111,126.856886111111,58,126,kma_admin_dong_grid_20260325,2848,1147064000
seoul_admd_1147065000,신정4동,신정4동,양천구,신정4동,37.5206361111111,126.8608,58,126,kma_admin_dong_grid_20260325,1877,1147065000
seoul_admd_1147067000,신정6동,신정6동,양천구,신정6동,37.5142472222222,126.866486111111,58,126,kma_admin_dong_grid_20260325,2346,1147067000
seoul_admd_1147068000,신정7동,신정7동,양천구,신정7동,37.5116,126.861755555555,58,125,kma_admin_dong_grid_20260325,2691,1147068000
seoul_admd_1150051000,염창동,염창동,강서구,염창동,37.5510444444444,126.873044444444,58,126,kma_admin_dong_grid_20260325,1804,1150051000
seoul_admd_1150052000,등촌제1동,등촌제1동|등촌1동,강서구,등촌제1동,37.5530666666666,126.860997222222,58,126,kma_admin_dong_grid_20260325,2261,1150052000
seoul_admd_1150053000,등촌제2동,등촌제2동|등촌2동,강서구,등촌제2동,37.5398527777777,126.864597222222,58,126,kma_admin_dong_grid_20260325,882,1150053000
seoul_admd_1150053500,등촌제3동,등촌제3동|등촌3동,강서구,등촌제3동,37.5560944444444,126.850008333333,58,126,kma_admin_dong_grid_20260325,3077,1150053500
seoul_admd_1150054000,화곡제1동,화곡제1동|화곡1동,강서구,화곡제1동,37.5277444444444,126.843741666666,58,126,kma_admin_dong_grid_20260325,2641,1150054000
seoul_admd_1150055000,화곡제2동,화곡제2동|화곡2동,강서구,화곡제2동,37.5287888888888,126.856744444444,58,126,kma_admin_dong_grid_20260325,1530,1150055000
seoul_admd_1150056000,화곡제3동,화곡제3동|화곡3동,강서구,화곡제3동,37.5399416666666,126.840463888888,57,126,kma_admin_dong_grid_20260325,2374,1150056000
seoul_admd_1150057000,화곡제4동,화곡제4동|화곡4동,강서구,화곡제4동,37.5301333333333,126.865233333333,58,126,kma_admin_dong_grid_20260325,815,1150057000
seoul_admd_1150059000,화곡본동,화곡본동,강서구,화곡본동,37.5412444444444,126.849752777777,58,126,kma_admin_dong_grid_20260325,2115,1150059000
seoul_admd_1150059100,화곡제6동,화곡제6동|화곡6동,강서구,화곡제6동,37.5489944444444,126.852244444444,58,126,kma_admin_dong_grid_20260325,2370,1150059100
seoul_admd_1150059300,화곡제8동,화곡제8동|화곡8동,강서구,화곡제8동,37.5298916666666,126.850422222222,58,126,kma_admin_dong_grid_20260325,2009,1150059300
seoul_admd_1150060300,가양제1동,가양제1동|가양1동,강서구,가양제1동,37.5664777777777,126.842663888888,57,127,kma_admin_dong_grid_20260325,2967,1150060300
seoul_admd_1150060400,가양제2동,가양제2동|가양2동,강서구,가양제2동,37.5646055555555,126.853363888888,58,127,kma_admin_dong_grid_20260325,2507,1150060400
seoul_admd_1150060500,가양제3동,가양제3동|가양3동,강서구,가양제3동,37.5582749999999,126.862686111111,58,127,kma_admin_dong_grid_20260325,2679,1150060500
seoul_admd_1150061100,발산제1동,발산제1동|발산1동,강서구,발산제1동,37.5502694444444,126.835244444444,57,126,kma_admin_dong_grid_20260325,2493,1150061100
seoul_admd_1150061500,우장산동,우장산동,강서구,우장산동,37.5482468,126.8418849,58,126,kma_admin_dong_grid_20260325,3071,1150061500
seoul_admd_1150062000,공항동,공항동,강서구,공항동,37.5561055555555,126.812163888888,57,126,kma_admin_dong_grid_20260325,2319,1150062000
seoul_admd_1150063000,방화제1동,방화제1동|방화1동,강서구,방화제1동,37.5687722222222,126.814311111111,57,127,kma_admin_dong_grid_20260325,1408,1150063000
seoul_admd_1150064000,방화제2동,방화제2동|방화2동,강서구,방화제2동,37.5638749999999,126.808830555555,57,127,kma_admin_dong_grid_20260325,2021,1150064000
seoul_admd_1150064100,방화제3동,방화제3동|방화3동,강서구,방화제3동,37.5759416666666,126.816019444444,57,127,kma_admin_dong_grid_20260325,620,1150064100
seoul_admd_1153051000,신도림동,신도림동,구로구,신도림동,37.5049777777777,126.882652777777,58,125,kma_admin_dong_grid_20260325,2050,1153051000
seoul_admd_1153052000,구로제1동,구로제1동|구로1동,구로구,구로제1동,37.4902027777777,126.877855555555,58,125,kma_admin_dong_grid_20260325,568,1153052000
seoul_admd_1153053000,구로제2동,구로제2동|구로2동,구로구,구로제2동,37.4886027777777,126.885666666666,58,125,kma_admin_dong_grid_20260325,1232,1153053000
seoul_admd_1153054000,구로제3동,구로제3동|구로3동,구로구,구로제3동,37.4830555555555,126.895686111111,58,125,kma_admin_dong_grid_20260325,2208,1153054000
seoul_admd_1153055000,구로제4동,구로제4동|구로4동,구로구,구로제4동,37.4888305555555,126.891222222222,58,125,kma_admin_dong_grid_20260325,1722,1153055000
seoul_admd_1153056000,구로제5동,구로제5동|구로5동,구로구,구로제5동,37.4972777777777,126.891377777777,58,125,kma_admin_dong_grid_20260325,1980,1153056000
seoul_admd_1153059500,가리봉동,가리봉동,구로구,가리봉동,37.4779805555555,126.891986111111,58,125,kma_admin_dong_grid_20260325,2152,1153059500
seoul_admd_1153072000,고척제1동,고척제1동|고척1동,구로구,고척제1동,37.4976083333333,126.864799999999,58,125,kma_admin_dong_grid_20260325,1161,1153072000
seoul_admd_1153073000,고척제2동,고척제2동|고척2동,구로구,고척제2동,37.5037777777777,126.860430555555,58,125,kma_admin_dong_grid_20260325,1947,1153073000
seoul_admd_1153074000,개봉제1동,개봉제1동|개봉1동,구로구,개봉제1동,37.4993861111111,126.849263888888,58,125,kma_admin_dong_grid_20260325,2308,1153074000
seoul_admd_1153075000,개봉제2동,개봉제2동|개봉2동,구로구,개봉제2동,37.488025,126.858619444444,58,125,kma_admin_dong_grid_20260325,1157,1153075000
seoul_admd_1153076000,개봉제3동,개봉제3동|개봉3동,구로구,개봉제3동,37.4831722222222,126.855888888888,58,125,kma_admin_dong_grid_20260325,1525,1153076000
seoul_admd_1153077000,오류제1동,오류제1동|오류1동,구로구,오류제1동,37.4942472222222,126.847088888888,58,125,kma_admin_dong_grid_20260325,2257,1153077000
seoul_admd_1153078000,오류제2동,오류제2동|오류2동,구로구,오류제2동,37.4859916666666,126.841608333333,57,125,kma_admin_dong_grid_20260325,2498,1153078000
seoul_admd_1153079000,수궁동,수궁동,구로구,수궁동,37.4911055555555,126.833566666666,57,125,kma_admin_dong_grid_20260325,1775,1153079000
seoul_admd_1153080000,항동,항동,구로구,항동,37.482174,126.8107155,57,125,kma_admin_dong_grid_20260325,822,1153080000
seoul_admd_1154551000,가산동,가산동,금천구,가산동,37.474125,126.893808333333,58,125,kma_admin_dong_grid_20260325,2537,1154551000
seoul_admd_1154561000,독산제1동,독산제1동|독산1동,금천구,독산제1동,37.4674583333333,126.8991,58,125,kma_admin_dong_grid_20260325,3381,1154561000
seoul_admd_1154562000,독산제2동,독산제2동|독산2동,금천구,독산제2동,37.4632944444444,126.901844444444,59,124,kma_admin_dong_grid_20260325,3370,1154562000
seoul_admd_1154563000,독산제3동,독산제3동|독산3동,금천구,독산제3동,37.4737888888888,126.909988888888,59,125,kma_admin_dong_grid_20260325,2372,1154563000
seoul_admd_1154564000,독산제4동,독산제4동|독산4동,금천구,독산제4동,37.4646555555555,126.904222222222,59,124,kma_admin_dong_grid_20260325,3336,1154564000
seoul_admd_1154567000,시흥제1동,시흥제1동|시흥1동,금천구,시흥제1동,37.4521472222222,126.899419444444,58,124,kma_admin_dong_grid_20260325,2718,1154567000
seoul_admd_1154568000,시흥제2동,시흥제2동|시흥2동,금천구,시흥제2동,37.4472916666666,126.918830555555,59,124,kma_admin_dong_grid_20260325,1078,1154568000
seoul_admd_1154569000,시흥제3동,시흥제3동|시흥3동,금천구,시흥제3동,37.4375194444444,126.907975,59,124,kma_admin_dong_grid_20260325,1936,1154569000
seoul_admd_1154570000,시흥제4동,시흥제4동|시흥4동,금천구,시흥제4동,37.456175,126.908241666666,59,124,kma_admin_dong_grid_20260325,2419,1154570000
seoul_admd_1154571000,시흥제5동,시흥제5동|시흥5동,금천구,시흥제5동,37.4495861111111,126.910408333333,59,124,kma_admin_dong_grid_20260325,1851,1154571000
seoul_admd_1156051500,영등포본동,영등포본동,영등포구,영등포본동,37.5146826,126.9093046,59,126,kma_admin_dong_grid_20260325,2873,1156051500
seoul_admd_1156053500,영등포동,영등포동,영등포구,영등포동,37.5203985,126.910691,59,126,kma_admin_dong_grid_20260325,2332,1156053500
seoul_admd_1156054000,여의동,여의동|여의도|여의도역,영등포구,여의동,37.5148888888888,126.936755555555,59,126,kma_admin_dong_grid_20260325,2229,1156054000
seoul_admd_1156055000,당산제1동,당산제1동|당산1동,영등포구,당산제1동,37.5221583333333,126.899522222222,58,126,kma_admin_dong_grid_20260325,2781,1156055000
seoul_admd_1156056000,당산제2동,당산제2동|당산2동,영등포구,당산제2동,37.5319388888888,126.904244444444,59,126,kma_admin_dong_grid_20260325,2329,1156056000
seoul_admd_1156058500,도림동,도림동,영등포구,도림동,37.509475,126.89595,59,125,kma_admin_dong_grid_20260325,3810,1156058500
seoul_admd_1156060500,문래동,문래동,영등포구,문래동,37.5170965,126.8995421,59,126,kma_admin_dong_grid_20260325,3333,1156060500
seoul_admd_1156061000,양평제1동,양평제1동|양평1동,영등포구,양평제1동,37.5208472222222,126.890286111111,58,126,kma_admin_dong_grid_20260325,2219,1156061000
seoul_admd_1156062000,양평제2동,양평제2동|양평2동,영등포구,양평제2동,37.535,126.898022222222,58,126,kma_admin_dong_grid_20260325,2265,1156062000
seoul_admd_1156063000,신길제1동,신길제1동|신길1동,영등포구,신길제1동,37.5081722222222,126.923477777777,59,125,kma_admin_dong_grid_20260325,2290,1156063000
seoul_admd_1156065000,신길제3동,신길제3동|신길3동,영등포구,신길제3동,37.5046222222222,126.909919444444,59,125,kma_admin_dong_grid_20260325,2533,1156065000
seoul_admd_1156066000,신길제4동,신길제4동|신길4동,영등포구,신길제4동,37.5056722222222,126.913375,59,125,kma_admin_dong_grid_20260325,2424,1156066000
seoul_admd_1156067000,신길제5동,신길제5동|신길5동,영등포구,신길제5동,37.4988222222222,126.907344444444,59,125,kma_admin_dong_grid_20260325,2307,1156067000
seoul_admd_1156068000,신길제6동,신길제6동|신길6동,영등포구,신길제6동,37.4965638888888,126.911944444444,59,125,kma_admin_dong_grid_20260325,1830,1156068000
seoul_admd_1156069000,신길제7동,신길제7동|신길7동,영등포구,신길제7동,37.5036555555555,126.923477777777,59,125,kma_admin_dong_grid_20260325,1807,1156069000
seoul_admd_1156070000,대림제1동,대림제1동|대림1동,영등포구,대림제1동,37.4925888888888,126.907963888888,59,125,kma_admin_dong_grid_20260325,1988,1156070000
seoul_admd_1156071000,대림제2동,대림제2동|대림2동,영등포구,대림제2동,37.489925,126.900355555555,58,125,kma_admin_dong_grid_20260325,2532,1156071000
seoul_admd_1156072000,대림제3동,대림제3동|대림3동,영등포구,대림제3동,37.4954861111111,126.900211111111,58,125,kma_admin_dong_grid_20260325,2626,1156072000
seoul_admd_1159051000,노량진제1동,노량진제1동|노량진1동,동작구,노량진제1동,37.5094805555555,126.944086111111,59,125,kma_admin_dong_grid_20260325,2681,1159051000
seoul_admd_1159052000,노량진제2동,노량진제2동|노량진2동,동작구,노량진제2동,37.5057333333333,126.939386111111,59,125,kma_admin_dong_grid_20260325,2125,1159052000
seoul_admd_1159053000,상도제1동,상도제1동|상도1동,동작구,상도제1동,37.50405,126.953022222222,59,125,kma_admin_dong_grid_20260325,2702,1159053000
seoul_admd_1159054000,상도제2동,상도제2동|상도2동,동작구,상도제2동,37.5026416666666,126.9444,59,125,kma_admin_dong_grid_20260325,2058,1159054000
seoul_admd_1159055000,상도제3동,상도제3동|상도3동,동작구,상도제3동,37.4963666666666,126.933388888888,59,125,kma_admin_dong_grid_20260325,961,1159055000
seoul_admd_1159056000,상도제4동,상도제4동|상도4동,동작구,상도제4동,37.4977777777777,126.939875,59,125,kma_admin_dong_grid_20260325,1387,1159056000
seoul_admd_1159060500,흑석동,흑석동,동작구,흑석동,37.5067388888888,126.962611111111,60,125,kma_admin_dong_grid_20260325,3081,1159060500
seoul_admd_1159062000,사당제1동,사당제1동|사당1동,동작구,사당제1동,37.4736111111111,126.975733333333,60,125,kma_admin_dong_grid_20260325,1895,1159062000
seoul_admd_1159063000,사당제2동,사당제2동|사당2동,동작구,사당제2동,37.4856194444444,126.979508333333,60,125,kma_admin_dong_grid_20260325,775,1159063000
seoul_admd_1159064000,사당제3동,사당제3동|사당3동,동작구,사당제3동,37.483825,126.974086111111,60,125,kma_admin_dong_grid_20260325,1292,1159064000
seoul_admd_1159065000,사당제4동,사당제4동|사당4동,동작구,사당제4동,37.4781861111111,126.973722222222,60,125,kma_admin_dong_grid_20260325,1636,1159065000
seoul_admd_1159065100,사당제5동,사당제5동|사당5동,동작구,사당제5동,37.4827972222222,126.969108333333,60,125,kma_admin_dong_grid_20260325,1745,1159065100
seoul_admd_1159066000,대방동,대방동,동작구,대방동,37.5053305555555,126.928444444444,59,125,kma_admin_dong_grid_20260325,1909,1159066000
seoul_admd_1159067000,신대방제1동,신대방제1동|신대방1동,동작구,신대방제1동,37.48615,126.912108333333,59,125,kma_admin_dong_grid_20260325,1578,1159067000
seoul_admd_1159068000,신대방제2동,신대방제2동|신대방2동,동작구,신대방제2동,37.4961222222222,126.927975,59,125,kma_admin_dong_grid_20260325,896,1159068000
seoul_admd_1162052500,보라매동,보라매동,관악구,보라매동,37.4853055555555,126.934886111111,59,125,kma_admin_dong_grid_20260325,552,1162052500
seoul_admd_1162054500,청림동,청림동,관악구,청림동,37.4890388888888,126.960666666666,59,125,kma_admin_dong_grid_20260325,2724,1162054500
seoul_admd_1162056500,성현동,성현동,관악구,성현동,37.4896244,126.9481357,59,125,kma_admin_dong_grid_20260325,1625,1162056500
seoul_admd_1162057500,행운동,행운동,관악구,행운동,37.4778833333333,126.959033333333,59,125,kma_admin_dong_grid_20260325,2822,1162057500
seoul_admd_1162058500,낙성대동,낙성대동,관악구,낙성대동,37.4735,126.960488888888,60,125,kma_admin_dong_grid_20260325,2887,1162058500
seoul_admd_1162059500,청룡동,청룡동,관악구,청룡동,37.479151,126.94155,59,125,kma_admin_dong_grid_20260325,1444,1162059500
seoul_admd_1162060500,은천동,은천동,관악구,은천동,37.4853086,126.9424278,59,125,kma_admin_dong_grid_20260325,1159,1162060500
seoul_admd_1162061500,중앙동,중앙동,관악구,중앙동,37.4814416666666,126.951755555555,59,125,kma_admin_dong_grid_20260325,2077,1162061500
seoul_admd_1162062500,인헌동,인헌동,관악구,인헌동,37.4723055555555,126.967375,59,125,kma_admin_dong_grid_20260325,3757,1162062500
seoul_admd_1162063000,남현동,남현동,관악구,남현동,37.4717888888888,126.979955555555,60,125,kma_admin_dong_grid_20260325,1898,1162063000
seoul_admd_1162064500,서원동,서원동,관악구,서원동,37.4797346,126.9313,59,125,kma_admin_dong_grid_20260325,950,1162064500
seoul_admd_1162065500,신원동,신원동,관악구,신원동,37.4787777777777,126.929419444444,59,125,kma_admin_dong_grid_20260325,1048,1162065500
seoul_admd_1162066500,서림동,서림동,관악구,서림동,37.4721638888888,126.937055555555,59,125,kma_admin_dong_grid_20260325,1894,1162066500
seoul_admd_1162068500,신사동,신사동,관악구,신사동,37.4854118,126.9180796,59,125,kma_admin_dong_grid_20260325,1080,1162068500
seoul_admd_1162069500,신림동,신림동,관악구,신림동,37.487426,126.927075,59,125,kma_admin_dong_grid_20260325,256,1162069500
seoul_admd_1162071500,난향동,난향동,관악구,난향동,37.461429,126.918842,59,124,kma_admin_dong_grid_20260325,2334,1162071500
seoul_admd_1162072500,조원동,조원동,관악구,조원동,37.4826299,126.9078649,59,125,kma_admin_dong_grid_20260325,2033,1162072500
seoul_admd_1162073500,대학동,대학동,관악구,대학동,37.4706145,126.9369907,59,125,kma_admin_dong_grid_20260325,2056,1162073500
seoul_admd_1162074500,삼성동,삼성동,관악구,삼성동,37.470101,126.932963,59,125,kma_admin_dong_grid_20260325,2032,1162074500
seoul_admd_1162076500,미성동,미성동,관악구,미성동,37.4761761,126.9155534,59,125,kma_admin_dong_grid_20260325,1836,1162076500
seoul_admd_1162077500,난곡동,난곡동,관악구,난곡동,37.4709634,126.9216507,59,125,kma_admin_dong_grid_20260325,2047,1162077500
seoul_admd_1165051000,서초1동,서초1동,서초구,서초1동,37.486,127.021111111111,61,125,kma_admin_dong_grid_20260325,2201,1165051000
seoul_admd_1165052000,서초2동,서초2동,서초구,서초2동,37.48925,127.026911111111,61,125,kma_admin_dong_grid_20260325,1704,1165052000
seoul_admd_1165053000,서초3동,서초3동,서초구,서초3동,37.4807833333333,127.014566666666,60,125,kma_admin_dong_grid_20260325,2472,1165053000
seoul_admd_1165053100,서초4동,서초4동,서초구,서초4동,37.4998555555555,127.024222222222,61,125,kma_admin_dong_grid_20260325,2392,1165053100
seoul_admd_1165054000,잠원동,잠원동,서초구,잠원동,37.5120888888888,127.016052777777,60,126,kma_admin_dong_grid_20260325,3414,1165054000
seoul_admd_1165055000,반포본동,반포본동,서초구,반포본동,37.49765,126.988133333333,60,125,kma_admin_dong_grid_20260325,1112,1165055000
seoul_admd_1165056000,반포1동,반포1동,서초구,반포1동,37.5033194444444,127.014466666666,60,125,kma_admin_dong_grid_20260325,2919,1165056000
seoul_admd_1165057000,반포2동,반포2동,서초구,반포2동,37.5017833333333,126.996575,60,125,kma_admin_dong_grid_20260325,1748,1165057000
seoul_admd_1165058000,반포3동,반포3동,서초구,반포3동,37.5091722222222,127.007752777777,60,125,kma_admin_dong_grid_20260325,2965,1165058000
seoul_admd_1165058100,반포4동,반포4동|고속터미널|고속터미널역,서초구,반포4동,37.4947583333333,127.002441666666,60,125,kma_admin_dong_grid_20260325,1506,1165058100
seoul_admd_1165059000,방배본동,방배본동,서초구,방배본동,37.4914444444444,126.990833333333,60,125,kma_admin_dong_grid_20260325,494,1165059000
seoul_admd_1165060000,방배1동,방배1동,서초구,방배1동,37.4805583333333,126.996608333333,60,125,kma_admin_dong_grid_20260325,1100,1165060000
seoul_admd_1165061000,방배2동,방배2동,서초구,방배2동,37.4769666666666,126.987611111111,60,125,kma_admin_dong_grid_20260325,1188,1165061000
seoul_admd_1165062000,방배3동,방배3동,서초구,방배3동,37.4775388888888,127.001133333333,60,125,kma_admin_dong_grid_20260325,1620,1165062000
seoul_admd_1165062100,방배4동,방배4동,서초구,방배4동,37.4868166666666,126.993322222222,60,125,kma_admin_dong_grid_20260325,486,1165062100
seoul_admd_1165065100,양재1동,양재1동,서초구,양재1동,37.4816361111111,127.038152777777,61,125,kma_admin_dong_grid_20260325,920,1165065100
seoul_admd_1165065200,양재2동,양재2동,서초구,양재2동,37.4677805555555,127.043144444444,61,125,kma_admin_dong_grid_20260325,2159,1165065200
seoul_admd_1165066000,내곡동,내곡동,서초구,내곡동,37.4591444444444,127.053411111111,61,124,kma_admin_dong_grid_20260325,2146,1165066000
seoul_admd_1168051000,신사동,신사동|가로수길,강남구,신사동,37.5213388888888,127.025022222222,61,126,kma_admin_dong_grid_20260325,2327,1168051000
seoul_admd_1168052100,논현1동,논현1동,강남구,논현1동,37.5087888888888,127.030511111111,61,125,kma_admin_dong_grid_20260325,2777,1168052100
seoul_admd_1168053100,논현2동,논현2동,강남구,논현2동,37.5144361111111,127.039288888888,61,126,kma_admin_dong_grid_20260325,2185,1168053100
seoul_admd_1168054500,압구정동,압구정동,강남구,압구정동,37.530642,127.030713,61,126,kma_admin_dong_grid_20260325,1445,1168054500
seoul_admd_1168056500,청담동,청담동,강남구,청담동,37.5251083,127.0493,61,126,kma_admin_dong_grid_20260325,924,1168056500
seoul_admd_1168058000,삼성1동,삼성1동|코엑스|삼성역,강남구,삼성1동,37.5090416666666,127.057530555555,61,125,kma_admin_dong_grid_20260325,2647,1168058000
seoul_admd_1168059000,삼성2동,삼성2동,강남구,삼성2동,37.5083888888888,127.048086111111,61,125,kma_admin_dong_grid_20260325,2378,1168059000
seoul_admd_1168060000,대치1동,대치1동,강남구,대치1동,37.4905055555555,127.063855555555,61,125,kma_admin_dong_grid_20260325,1619,1168060000
seoul_admd_1168061000,대치2동,대치2동,강남구,대치2동,37.4971111111111,127.069019444444,61,125,kma_admin_dong_grid_20260325,2316,1168061000
seoul_admd_1168063000,대치4동,대치4동,강남구,대치4동,37.4969638888888,127.059852777777,61,125,kma_admin_dong_grid_20260325,1644,1168063000
seoul_admd_1168064000,역삼1동,역삼1동|강남|강남역,강남구,역삼1동,37.4925833333333,127.035144444444,61,125,kma_admin_dong_grid_20260325,1139,1168064000
seoul_admd_1168065000,역삼2동,역삼2동,강남구,역삼2동,37.4932472222222,127.048855555555,61,125,kma_admin_dong_grid_20260325,732,1168065000
seoul_admd_1168065500,도곡1동,도곡1동,강남구,도곡1동,37.4880666666666,127.040497222222,61,125,kma_admin_dong_grid_20260325,500,1168065500
seoul_admd_1168065600,도곡2동,도곡2동,강남구,도곡2동,37.4798638888888,127.0454,61,125,kma_admin_dong_grid_20260325,802,1168065600
seoul_admd_1168066000,개포1동,개포1동,강남구,개포1동,37.4790972222222,127.059555555555,61,125,kma_admin_dong_grid_20260325,1487,1168066000
seoul_admd_1168067000,개포2동,개포2동,강남구,개포2동,37.485175,127.075741666666,62,125,kma_admin_dong_grid_20260325,2509,1168067000
seoul_admd_1168067500,개포3동,개포3동,강남구,개포3동,37.4921439151835,127.073672992441,62,125,kma_admin_dong_grid_20260325,2761,1168067500
seoul_admd_1168069000,개포4동,개포4동,강남구,개포4동,37.4760277777777,127.053733333333,61,125,kma_admin_dong_grid_20260325,1403,1168069000
seoul_admd_1168070000,세곡동,세곡동,강남구,세곡동,37.4663666666666,127.109363888888,62,125,kma_admin_dong_grid_20260325,2280,1168070000
seoul_admd_1168072000,일원본동,일원본동,강남구,일원본동,37.4805333333333,127.0886,62,125,kma_admin_dong_grid_20260325,1520,1168072000
seoul_admd_1168073000,일원1동,일원1동,강남구,일원1동,37.4890583333333,127.090130555555,62,125,kma_admin_dong_grid_20260325,1269,1168073000
seoul_admd_1168075000,수서동,수서동,강남구,수서동,37.4860277777777,127.107,62,125,kma_admin_dong_grid_20260325,258,1168075000
seoul_admd_1171051000,풍납1동,풍납1동,송파구,풍납1동,37.5352472222222,127.124244444444,62,126,kma_admin_dong_grid_20260325,1729,1171051000
seoul_admd_1171052000,풍납2동,풍납2동,송파구,풍납2동,37.52595,127.118863888888,62,126,kma_admin_dong_grid_20260325,1431,1171052000
seoul_admd_1171053100,거여1동,거여1동,송파구,거여1동,37.4941083333333,127.145408333333,63,125,kma_admin_dong_grid_20260325,1749,1171053100
seoul_admd_1171053200,거여2동,거여2동,송파구,거여2동,37.4906861111111,127.149,63,125,kma_admin_dong_grid_20260325,1288,1171053200
seoul_admd_1171054000,마천1동,마천1동,송파구,마천1동,37.4932222222222,127.152088888888,63,125,kma_admin_dong_grid_20260325,1218,1171054000
seoul_admd_1171055000,마천2동,마천2동,송파구,마천2동,37.494075,127.150677777777,63,125,kma_admin_dong_grid_20260325,1374,1171055000
seoul_admd_1171056100,방이1동,방이1동,송파구,방이1동,37.5081472222222,127.126011111111,62,125,kma_admin_dong_grid_20260325,3091,1171056100
seoul_admd_1171056200,방이2동,방이2동,송파구,방이2동,37.5117555555555,127.116533333333,62,126,kma_admin_dong_grid_20260325,2529,1171056200
seoul_admd_1171056600,오륜동,오륜동,송파구,오륜동,37.5125888888888,127.1365,63,126,kma_admin_dong_grid_20260325,3179,1171056600
seoul_admd_1171057000,오금동,오금동,송파구,오금동,37.50015,127.130244444444,62,125,kma_admin_dong_grid_20260325,2763,1171057000
seoul_admd_1171058000,송파1동,송파1동,송파구,송파1동,37.5031305555555,127.111819444444,62,125,kma_admin_dong_grid_20260325,1976,1171058000
seoul_admd_1171059000,송파2동,송파2동,송파구,송파2동,37.4994361111111,127.118911111111,62,125,kma_admin_dong_grid_20260325,1946,1171059000
seoul_admd_1171060000,석촌동,석촌동,송파구,석촌동,37.500775,127.105752777777,62,125,kma_admin_dong_grid_20260325,1600,1171060000
seoul_admd_1171061000,삼전동,삼전동,송파구,삼전동,37.4999777777777,127.094641666666,62,125,kma_admin_dong_grid_20260325,1722,1171061000
seoul_admd_1171062000,가락본동,가락본동,송파구,가락본동,37.4927722222222,127.123911111111,62,125,kma_admin_dong_grid_20260325,1882,1171062000
seoul_admd_1171063100,가락1동,가락1동,송파구,가락1동,37.49375,127.107686111111,62,125,kma_admin_dong_grid_20260325,871,1171063100
seoul_admd_1171063200,가락2동,가락2동,송파구,가락2동,37.4958444444444,127.128641666666,62,125,kma_admin_dong_grid_20260325,2402,1171063200
seoul_admd_1171064100,문정1동,문정1동,송파구,문정1동,37.4871916666666,127.1262,62,125,kma_admin_dong_grid_20260325,1949,1171064100
seoul_admd_1171064200,문정2동,문정2동,송파구,문정2동,37.4870527777777,127.113063888888,62,125,kma_admin_dong_grid_20260325,791,1171064200
seoul_admd_1171064600,장지동,장지동,송파구,장지동,37.4841361111111,127.134533333333,63,125,kma_admin_dong_grid_20260325,2451,1171064600
seoul_admd_1171064700,위례동,위례동,송파구,위례동,37.4791657,127.1414918,63,125,kma_admin_dong_grid_20260325,1973,1171064700
seoul_admd_1171065000,잠실본동,잠실본동,송파구,잠실본동,37.5033555555555,127.086419444444,62,125,kma_admin_dong_grid_20260325,2445,1171065000
seoul_admd_1171067000,잠실2동,잠실2동,송파구,잠실2동,37.5119138888888,127.089975,62,126,kma_admin_dong_grid_20260325,2647,1171067000
seoul_admd_1171068000,잠실3동,잠실3동,송파구,잠실3동,37.5044888888888,127.096411111111,62,125,kma_admin_dong_grid_20260325,2119,1171068000
seoul_admd_1171069000,잠실4동,잠실4동,송파구,잠실4동,37.5164444444444,127.110055555555,62,126,kma_admin_dong_grid_20260325,1847,1171069000
seoul_admd_1171071000,잠실6동,잠실6동|잠실|잠실역|롯데월드타워,송파구,잠실6동,37.5153833333333,127.102652777777,62,126,kma_admin_dong_grid_20260325,1919,1171071000
seoul_admd_1171072000,잠실7동,잠실7동,송파구,잠실7동,37.5058611111111,127.079133333333,62,125,kma_admin_dong_grid_20260325,3086,1171072000
seoul_admd_1174051500,강일동,강일동,강동구,강일동,37.5667138888888,127.1804,63,127,kma_admin_dong_grid_20260325,1920,1174051500
seoul_admd_1174052500,상일제1동,상일제1동|상일1동,강동구,상일제1동,37.5506,127.1683,63,126,kma_admin_dong_grid_20260325,2130,1174052500
seoul_admd_1174052600,상일제2동,상일제2동|상일2동,강동구,상일제2동,37.55,127.1759,63,126,kma_admin_dong_grid_20260325,2309,1174052600
seoul_admd_1174053000,명일제1동,명일제1동|명일1동,강동구,명일제1동,37.5469638888888,127.148022222222,63,126,kma_admin_dong_grid_20260325,2137,1174053000
seoul_admd_1174054000,명일제2동,명일제2동|명일2동,강동구,명일제2동,37.5435527777777,127.153444444444,63,126,kma_admin_dong_grid_20260325,1549,1174054000
seoul_admd_1174055000,고덕제1동,고덕제1동|고덕1동,강동구,고덕제1동,37.5562444444444,127.151019444444,63,127,kma_admin_dong_grid_20260325,2674,1174055000
seoul_admd_1174056000,고덕제2동,고덕제2동|고덕2동,강동구,고덕제2동,37.5577138888888,127.166486111111,63,127,kma_admin_dong_grid_20260325,2268,1174056000
seoul_admd_1174057000,암사제1동,암사제1동|암사1동,강동구,암사제1동,37.5487166666666,127.134763888888,63,126,kma_admin_dong_grid_20260325,3119,1174057000
seoul_admd_1174058000,암사제2동,암사제2동|암사2동,강동구,암사제2동,37.5489611111111,127.129352777777,62,126,kma_admin_dong_grid_20260325,2823,1174058000
seoul_admd_1174059000,암사제3동,암사제3동|암사3동,강동구,암사제3동,37.5523722222222,127.140375,63,126,kma_admin_dong_grid_20260325,3031,1174059000
seoul_admd_1174060000,천호제1동,천호제1동|천호1동,강동구,천호제1동,37.5423027777777,127.138877777777,63,126,kma_admin_dong_grid_20260325,2427,1174060000
seoul_admd_1174061000,천호제2동,천호제2동|천호2동,강동구,천호제2동,37.5397861111111,127.122908333333,62,126,kma_admin_dong_grid_20260325,1778,1174061000
seoul_admd_1174062000,천호제3동,천호제3동|천호3동,강동구,천호제3동,37.5369722222222,127.131966666666,62,126,kma_admin_dong_grid_20260325,2434,1174062000
seoul_admd_1174064000,성내제1동,성내제1동|성내1동,강동구,성내제1동,37.5278472222222,127.126030555555,62,126,kma_admin_dong_grid_20260325,1933,1174064000
seoul_admd_1174065000,성내제2동,성내제2동|성내2동,강동구,성내제2동,37.5296027777777,127.131586111111,62,126,kma_admin_dong_grid_20260325,2373,1174065000
seoul_admd_1174066000,성내제3동,성내제3동|성내3동,강동구,성내제3동,37.5233722222222,127.134886111111,63,126,kma_admin_dong_grid_20260325,2661,1174066000
seoul_admd_1174068500,길동,길동,강동구,길동,37.5392169,127.1461684,63,126,kma_admin_dong_grid_20260325,1698,1174068500
seoul_admd_1174069000,둔촌제1동,둔촌제1동|둔촌1동,강동구,둔촌제1동,37.52075,127.138830555555,63,126,kma_admin_dong_grid_20260325,2471,1174069000
seoul_admd_1174070000,둔촌제2동,둔촌제2동|둔촌2동,강동구,둔촌제2동,37.53055,127.144019444444,63,126,kma_admin_dong_grid_20260325,1687,1174070000
